scheme,policy_size,run_id,mode,setup_ms,keygen_ms,encrypt_ms,decrypt_ms,correctness,precomputation_ms,cache_hits,cache_misses,cache_bytes,ciphertext_bytes,private_key_bytes
BSW07,5,1,cold,20.351355,10.387192,15.590688,175.163897,1,0.0,0,0,0,0,0
BSW07,5,2,cold,22.062952,10.568097,14.78373,176.18309,1,0.0,0,0,0,0,0
BSW07,5,3,cold,20.038111,9.099733,15.186351,188.363436,1,0.0,0,0,0,0,0
BSW07,5,4,cold,23.533753,11.697845,16.144988,177.435303,1,0.0,0,0,0,0,0
BSW07,5,5,cold,20.987935,10.694194,14.421386,176.097335,1,0.0,0,0,0,0,0
BSW07,5,6,cold,20.696155,9.381656,15.08671,183.115336,1,0.0,0,0,0,0,0
BSW07,5,7,cold,21.36097,11.436006,15.38043,178.336105,1,0.0,0,0,0,0,0
BSW07,5,8,cold,20.472424,10.43908,15.278123,201.875116,1,0.0,0,0,0,0,0
BSW07,5,9,cold,22.61939,11.485074,16.920218,181.680398,1,0.0,0,0,0,0,0
BSW07,5,10,cold,20.061347,10.077022,14.914983,177.296074,1,0.0,0,0,0,0,0
BSW07,5,11,cold,21.63555,11.17832,16.226872,179.407705,1,0.0,0,0,0,0,0
BSW07,5,12,cold,26.190841,12.590364,16.176322,193.818251,1,0.0,0,0,0,0,0
BSW07,5,13,cold,23.047848,11.464074,15.925407,192.417575,1,0.0,0,0,0,0,0
BSW07,5,14,cold,23.078746,10.329803,14.261455,179.1309,1,0.0,0,0,0,0,0
BSW07,5,15,cold,21.333699,10.32599,15.08674,185.264882,1,0.0,0,0,0,0,0
BSW07,5,16,cold,21.377383,10.142044,14.630331,181.754435,1,0.0,0,0,0,0,0
BSW07,5,17,cold,20.991608,10.065772,16.509627,179.920799,1,0.0,0,0,0,0,0
BSW07,5,18,cold,20.659678,10.34388,14.351807,187.374394,1,0.0,0,0,0,0,0
BSW07,5,19,cold,22.250613,10.34887,16.28639,187.206793,1,0.0,0,0,0,0,0
BSW07,5,20,cold,20.926155,11.230233,15.707923,182.629977,1,0.0,0,0,0,0,0
BSW07,5,21,cold,21.761119,11.112013,16.192225,180.356032,1,0.0,0,0,0,0,0
BSW07,5,22,cold,20.992876,10.472267,15.440071,179.399313,1,0.0,0,0,0,0,0
BSW07,5,23,cold,20.552745,10.70927,14.105241,184.042671,1,0.0,0,0,0,0,0
BSW07,5,24,cold,20.760447,10.638289,14.964794,187.641422,1,0.0,0,0,0,0,0
BSW07,5,25,cold,21.842168,9.796553,15.597751,180.934327,1,0.0,0,0,0,0,0
BSW07,5,26,cold,21.827799,10.873197,15.388535,201.972773,1,0.0,0,0,0,0,0
BSW07,5,27,cold,24.36325,11.896827,15.795256,175.666527,1,0.0,0,0,0,0,0
BSW07,5,28,cold,20.902557,11.106997,16.355588,180.893786,1,0.0,0,0,0,0,0
BSW07,5,29,cold,20.560616,10.256752,20.10538,185.567711,1,0.0,0,0,0,0,0
BSW07,5,30,cold,20.159763,10.288732,14.478945,188.714241,1,0.0,0,0,0,0,0
BSW07,5,31,cold,30.108595,18.201519,17.18776,217.54716,1,0.0,0,0,0,0,0
BSW07,5,32,cold,23.381149,12.58847,17.298602,190.13453,1,0.0,0,0,0,0,0
BSW07,5,33,cold,23.961952,10.95322,15.249129,176.185487,1,0.0,0,0,0,0,0
BSW07,5,34,cold,21.553603,10.107039,14.360989,175.471699,1,0.0,0,0,0,0,0
BSW07,5,35,cold,22.604884,10.331004,16.344417,182.859019,1,0.0,0,0,0,0,0
BSW07,5,36,cold,21.203491,10.531094,14.593212,182.355487,1,0.0,0,0,0,0,0
BSW07,5,37,cold,20.169819,10.011675,15.782344,185.713923,1,0.0,0,0,0,0,0
BSW07,5,38,cold,22.239908,10.803686,14.78066,180.450586,1,0.0,0,0,0,0,0
BSW07,5,39,cold,20.1655,9.67369,14.554297,183.164213,1,0.0,0,0,0,0,0
BSW07,5,40,cold,20.766882,9.835787,15.304289,185.971943,1,0.0,0,0,0,0,0
BSW07,5,41,cold,22.063263,10.444112,16.464485,188.348849,1,0.0,0,0,0,0,0
BSW07,5,42,cold,22.354172,10.712114,15.774804,176.421203,1,0.0,0,0,0,0,0
BSW07,5,43,cold,21.668826,9.902936,14.579981,179.077816,1,0.0,0,0,0,0,0
BSW07,5,44,cold,20.707764,10.861218,14.658091,177.53831,1,0.0,0,0,0,0,0
BSW07,5,45,cold,21.257834,9.91992,16.478814,180.330514,1,0.0,0,0,0,0,0
BSW07,5,46,cold,22.455546,9.266408,15.567226,182.331219,1,0.0,0,0,0,0,0
BSW07,5,47,cold,23.581458,10.899739,19.307123,198.975401,1,0.0,0,0,0,0,0
BSW07,5,48,cold,22.504181,11.189589,15.714396,179.60219,1,0.0,0,0,0,0,0
BSW07,5,49,cold,20.553936,9.862457,14.372251,180.858374,1,0.0,0,0,0,0,0
BSW07,5,50,cold,19.553139,10.061192,16.577985,190.280172,1,0.0,0,0,0,0,0
BSW07,20,1,cold,21.731419,34.86057,41.092496,664.287203,1,0.0,0,0,0,0,0
BSW07,20,2,cold,19.508059,35.664486,42.157868,636.467589,1,0.0,0,0,0,0,0
BSW07,20,3,cold,19.271899,35.848681,40.569673,654.9666,1,0.0,0,0,0,0,0
BSW07,20,4,cold,21.726623,39.362964,43.78553,750.054517,1,0.0,0,0,0,0,0
BSW07,20,5,cold,20.978024,38.064922,43.178348,686.730377,1,0.0,0,0,0,0,0
BSW07,20,6,cold,20.712871,41.495588,47.334317,661.01887,1,0.0,0,0,0,0,0
BSW07,20,7,cold,19.700198,35.586414,41.19657,629.063556,1,0.0,0,0,0,0,0
BSW07,20,8,cold,20.598586,36.086103,40.313775,636.479068,1,0.0,0,0,0,0,0
BSW07,20,9,cold,20.403941,39.832697,40.352808,650.917971,1,0.0,0,0,0,0,0
BSW07,20,10,cold,30.273121,49.063291,41.13596,633.515872,1,0.0,0,0,0,0,0
BSW07,20,11,cold,20.869223,35.982428,40.639617,652.300514,1,0.0,0,0,0,0,0
BSW07,20,12,cold,20.39936,35.090631,40.409606,632.282833,1,0.0,0,0,0,0,0
BSW07,20,13,cold,19.186772,35.150302,39.904501,629.167118,1,0.0,0,0,0,0,0
BSW07,20,14,cold,20.164589,39.248826,45.36173,646.828822,1,0.0,0,0,0,0,0
BSW07,20,15,cold,20.980299,35.525013,45.816953,652.001908,1,0.0,0,0,0,0,0
BSW07,20,16,cold,19.772013,36.176245,41.561324,651.760464,1,0.0,0,0,0,0,0
BSW07,20,17,cold,19.73222,35.708524,39.360932,644.779761,1,0.0,0,0,0,0,0
BSW07,20,18,cold,19.584711,35.082646,42.911278,653.894658,1,0.0,0,0,0,0,0
BSW07,20,19,cold,25.497422,35.881974,37.607198,628.417912,1,0.0,0,0,0,0,0
BSW07,20,20,cold,19.600169,34.903207,42.778629,640.564614,1,0.0,0,0,0,0,0
BSW07,20,21,cold,20.662736,37.507001,42.620143,634.545105,1,0.0,0,0,0,0,0
BSW07,20,22,cold,19.808171,35.902425,40.605517,631.676165,1,0.0,0,0,0,0,0
BSW07,20,23,cold,19.860955,35.374039,40.006304,651.318658,1,0.0,0,0,0,0,0
BSW07,20,24,cold,20.71201,35.964373,39.490535,635.681442,1,0.0,0,0,0,0,0
BSW07,20,25,cold,19.576545,36.210437,44.388864,647.430627,1,0.0,0,0,0,0,0
BSW07,20,26,cold,20.033521,36.13354,40.877069,646.514563,1,0.0,0,0,0,0,0
BSW07,20,27,cold,19.986613,35.65875,40.033747,660.135393,1,0.0,0,0,0,0,0
BSW07,20,28,cold,18.833106,35.333146,40.536743,634.969814,1,0.0,0,0,0,0,0
BSW07,20,29,cold,19.84353,35.758575,39.699007,640.878496,1,0.0,0,0,0,0,0
BSW07,20,30,cold,19.642143,35.233986,40.739162,626.918204,1,0.0,0,0,0,0,0
BSW07,20,31,cold,20.480294,35.943378,40.766835,637.082647,1,0.0,0,0,0,0,0
BSW07,20,32,cold,19.592276,35.496552,41.783203,653.264741,1,0.0,0,0,0,0,0
BSW07,20,33,cold,21.062381,34.833482,39.971553,636.458787,1,0.0,0,0,0,0,0
BSW07,20,34,cold,19.509949,36.733279,41.209485,640.385333,1,0.0,0,0,0,0,0
BSW07,20,35,cold,20.53456,34.879699,40.100182,654.038708,1,0.0,0,0,0,0,0
BSW07,20,36,cold,20.70724,36.632394,39.614251,660.995532,1,0.0,0,0,0,0,0
BSW07,20,37,cold,19.69347,34.892551,40.691257,653.234334,1,0.0,0,0,0,0,0
BSW07,20,38,cold,19.851395,35.664202,42.464739,662.427062,1,0.0,0,0,0,0,0
BSW07,20,39,cold,21.444482,36.697978,42.727022,638.27853,1,0.0,0,0,0,0,0
BSW07,20,40,cold,20.102869,36.061393,40.540397,638.784882,1,0.0,0,0,0,0,0
BSW07,20,41,cold,20.374827,38.030338,38.61201,643.981048,1,0.0,0,0,0,0,0
BSW07,20,42,cold,20.481595,34.921229,40.354955,640.929562,1,0.0,0,0,0,0,0
BSW07,20,43,cold,19.644429,36.535896,40.381665,634.666046,1,0.0,0,0,0,0,0
BSW07,20,44,cold,19.864904,35.755108,41.495118,639.451985,1,0.0,0,0,0,0,0
BSW07,20,45,cold,19.983861,35.378116,52.859455,644.459043,1,0.0,0,0,0,0,0
BSW07,20,46,cold,21.55787,36.894725,41.402028,636.145468,1,0.0,0,0,0,0,0
BSW07,20,47,cold,19.792811,35.231772,40.749202,642.582891,1,0.0,0,0,0,0,0
BSW07,20,48,cold,20.105279,35.170508,40.644424,636.162246,1,0.0,0,0,0,0,0
BSW07,20,49,cold,19.570317,35.115317,40.844662,629.904418,1,0.0,0,0,0,0,0
BSW07,20,50,cold,19.743016,35.540947,41.42604,640.441672,1,0.0,0,0,0,0,0
BSW07,50,1,cold,18.59571,79.233822,85.534454,1445.172806,1,0.0,0,0,0,0,0
BSW07,50,2,cold,20.862095,85.13123,85.757925,1441.247018,1,0.0,0,0,0,0,0
BSW07,50,3,cold,18.280041,78.685046,91.259112,1504.200477,1,0.0,0,0,0,0,0
BSW07,50,4,cold,18.072471,81.266976,85.283323,1479.484007,1,0.0,0,0,0,0,0
BSW07,50,5,cold,18.701794,78.771367,83.298449,1452.319483,1,0.0,0,0,0,0,0
BSW07,50,6,cold,19.084236,81.870864,87.321328,1451.434052,1,0.0,0,0,0,0,0
BSW07,50,7,cold,18.674045,79.74194,87.048745,1480.176225,1,0.0,0,0,0,0,0
BSW07,50,8,cold,18.340275,79.291928,85.327271,1529.813838,1,0.0,0,0,0,0,0
BSW07,50,9,cold,19.239267,83.140059,89.519077,1533.082357,1,0.0,0,0,0,0,0
BSW07,50,10,cold,19.634338,84.700797,90.783653,1546.607827,1,0.0,0,0,0,0,0
BSW07,50,11,cold,19.37436,83.550407,87.426662,1493.787312,1,0.0,0,0,0,0,0
BSW07,50,12,cold,18.108055,82.536476,87.746493,1506.786935,1,0.0,0,0,0,0,0
BSW07,50,13,cold,18.106857,80.319619,90.755599,1535.293158,1,0.0,0,0,0,0,0
BSW07,50,14,cold,18.607299,83.489026,90.888745,1594.839916,1,0.0,0,0,0,0,0
BSW07,50,15,cold,21.562405,92.601457,93.817969,1630.173465,1,0.0,0,0,0,0,0
BSW07,50,16,cold,20.833875,87.684461,93.491548,1586.632809,1,0.0,0,0,0,0,0
BSW07,50,17,cold,19.56044,84.795139,93.672426,1579.86147,1,0.0,0,0,0,0,0
BSW07,50,18,cold,18.520131,85.890283,92.133343,1620.375482,1,0.0,0,0,0,0,0
BSW07,50,19,cold,19.269852,87.091913,91.413736,1569.688853,1,0.0,0,0,0,0,0
BSW07,50,20,cold,19.513502,86.898253,89.991694,1579.487594,1,0.0,0,0,0,0,0
BSW07,50,21,cold,20.726478,88.724674,91.688672,1549.595157,1,0.0,0,0,0,0,0
BSW07,50,22,cold,19.715397,85.845603,93.442867,1624.71605,1,0.0,0,0,0,0,0
BSW07,50,23,cold,23.488598,93.046102,94.57934,1581.054646,1,0.0,0,0,0,0,0
BSW07,50,24,cold,18.90026,87.789118,92.884057,1560.762166,1,0.0,0,0,0,0,0
BSW07,50,25,cold,19.090342,85.490033,92.442129,1560.029913,1,0.0,0,0,0,0,0
BSW07,50,26,cold,21.50307,85.737354,93.267517,1614.04654,1,0.0,0,0,0,0,0
BSW07,50,27,cold,19.061241,86.58424,96.604942,1573.672493,1,0.0,0,0,0,0,0
BSW07,50,28,cold,20.693668,96.474615,96.816637,1571.416788,1,0.0,0,0,0,0,0
BSW07,50,29,cold,19.03501,91.025755,93.240044,1598.690169,1,0.0,0,0,0,0,0
BSW07,50,30,cold,18.752751,86.686609,95.64341,1559.69958,1,0.0,0,0,0,0,0
BSW07,50,31,cold,19.661887,85.484588,100.698483,1596.735236,1,0.0,0,0,0,0,0
BSW07,50,32,cold,19.608417,85.634332,91.747874,1613.6451,1,0.0,0,0,0,0,0
BSW07,50,33,cold,20.17291,89.550209,96.38334,1679.5999,1,0.0,0,0,0,0,0
BSW07,50,34,cold,19.553754,90.489474,97.812645,1648.041556,1,0.0,0,0,0,0,0
BSW07,50,35,cold,19.768156,89.390672,95.673177,1628.411481,1,0.0,0,0,0,0,0
BSW07,50,36,cold,21.001954,94.615434,97.713434,1636.410157,1,0.0,0,0,0,0,0
BSW07,50,37,cold,23.646627,89.952089,101.110559,1654.748357,1,0.0,0,0,0,0,0
BSW07,50,38,cold,22.530123,93.655108,95.615401,1636.242121,1,0.0,0,0,0,0,0
BSW07,50,39,cold,21.385034,91.479431,96.490271,1635.738188,1,0.0,0,0,0,0,0
BSW07,50,40,cold,19.954495,87.551567,96.781112,1633.607405,1,0.0,0,0,0,0,0
BSW07,50,41,cold,21.070028,89.971585,91.776966,1650.272372,1,0.0,0,0,0,0,0
BSW07,50,42,cold,20.30748,85.861502,94.187591,1610.055692,1,0.0,0,0,0,0,0
BSW07,50,43,cold,22.785745,100.994127,109.867391,1466.803631,1,0.0,0,0,0,0,0
BSW07,50,44,cold,17.490248,79.409215,87.006961,1558.98824,1,0.0,0,0,0,0,0
BSW07,50,45,cold,18.530643,82.138551,90.664589,1516.496182,1,0.0,0,0,0,0,0
BSW07,50,46,cold,19.151648,85.187843,87.18188,1507.885558,1,0.0,0,0,0,0,0
BSW07,50,47,cold,19.163312,82.932659,90.911202,1588.959854,1,0.0,0,0,0,0,0
BSW07,50,48,cold,19.510177,85.293956,93.369502,1560.228928,1,0.0,0,0,0,0,0
BSW07,50,49,cold,20.129257,85.059823,91.557292,1490.077064,1,0.0,0,0,0,0,0
BSW07,50,50,cold,17.522313,80.017554,89.490672,1475.047996,1,0.0,0,0,0,0,0
Waters11,5,1,cold,78.225519,4.273079,16.706352,101.568838,1,0.0,0,0,0,0,0
Waters11,5,2,cold,76.136216,4.094101,16.204333,101.257752,1,0.0,0,0,0,0,0
Waters11,5,3,cold,74.493513,4.280745,16.105145,100.173829,1,0.0,0,0,0,0,0
Waters11,5,4,cold,75.626456,4.06629,15.723182,102.050941,1,0.0,0,0,0,0,0
Waters11,5,5,cold,77.296322,4.248536,16.387518,102.438964,1,0.0,0,0,0,0,0
Waters11,5,6,cold,74.863853,4.656411,15.632034,113.340917,1,0.0,0,0,0,0,0
Waters11,5,7,cold,74.541913,4.779716,15.628773,101.725362,1,0.0,0,0,0,0,0
Waters11,5,8,cold,75.692544,4.357159,15.532784,102.308464,1,0.0,0,0,0,0,0
Waters11,5,9,cold,74.927956,4.145545,16.174149,105.888695,1,0.0,0,0,0,0,0
Waters11,5,10,cold,77.425761,4.729879,16.629084,106.910597,1,0.0,0,0,0,0,0
Waters11,5,11,cold,75.423824,4.305249,16.123964,106.909036,1,0.0,0,0,0,0,0
Waters11,5,12,cold,79.499048,4.263786,16.065258,100.092254,1,0.0,0,0,0,0,0
Waters11,5,13,cold,73.952556,4.312722,15.879185,99.91666,1,0.0,0,0,0,0,0
Waters11,5,14,cold,73.890664,4.036067,15.616888,104.157815,1,0.0,0,0,0,0,0
Waters11,5,15,cold,75.093138,4.230143,15.813283,99.595609,1,0.0,0,0,0,0,0
Waters11,5,16,cold,73.323243,4.373467,15.699784,98.998163,1,0.0,0,0,0,0,0
Waters11,5,17,cold,73.829755,4.02516,16.457541,99.848893,1,0.0,0,0,0,0,0
Waters11,5,18,cold,73.391615,4.178735,16.651717,110.294985,1,0.0,0,0,0,0,0
Waters11,5,19,cold,76.753386,4.51228,16.038368,100.262454,1,0.0,0,0,0,0,0
Waters11,5,20,cold,78.239212,4.743143,16.968254,100.428313,1,0.0,0,0,0,0,0
Waters11,5,21,cold,75.276728,4.710087,16.567374,103.989469,1,0.0,0,0,0,0,0
Waters11,5,22,cold,92.892723,4.683058,25.157536,112.071138,1,0.0,0,0,0,0,0
Waters11,5,23,cold,74.623622,4.140625,16.563264,101.057038,1,0.0,0,0,0,0,0
Waters11,5,24,cold,74.280402,4.777296,16.098419,99.594586,1,0.0,0,0,0,0,0
Waters11,5,25,cold,77.083005,4.231439,18.326465,126.557072,1,0.0,0,0,0,0,0
Waters11,5,26,cold,81.706602,4.526995,16.863336,109.667746,1,0.0,0,0,0,0,0
Waters11,5,27,cold,88.316026,4.32515,16.893705,108.527197,1,0.0,0,0,0,0,0
Waters11,5,28,cold,76.526353,4.825774,16.061868,102.855912,1,0.0,0,0,0,0,0
Waters11,5,29,cold,76.941027,4.877324,15.885315,106.075009,1,0.0,0,0,0,0,0
Waters11,5,30,cold,78.08255,4.410603,15.717978,104.499197,1,0.0,0,0,0,0,0
Waters11,5,31,cold,79.524766,4.278733,15.614127,105.78021,1,0.0,0,0,0,0,0
Waters11,5,32,cold,77.968065,4.196049,16.406549,108.426632,1,0.0,0,0,0,0,0
Waters11,5,33,cold,79.16187,5.689162,21.000998,106.377716,1,0.0,0,0,0,0,0
Waters11,5,34,cold,77.054252,4.289193,16.657905,104.210018,1,0.0,0,0,0,0,0
Waters11,5,35,cold,79.464646,5.758219,17.948977,104.475715,1,0.0,0,0,0,0,0
Waters11,5,36,cold,76.066983,4.535481,16.497208,104.459218,1,0.0,0,0,0,0,0
Waters11,5,37,cold,78.018742,5.143416,17.121392,107.662286,1,0.0,0,0,0,0,0
Waters11,5,38,cold,79.20958,4.406168,16.623963,104.359197,1,0.0,0,0,0,0,0
Waters11,5,39,cold,93.048665,5.210335,21.357925,108.562685,1,0.0,0,0,0,0,0
Waters11,5,40,cold,76.958924,4.853824,17.999481,108.310111,1,0.0,0,0,0,0,0
Waters11,5,41,cold,79.705202,4.289064,16.192987,107.943289,1,0.0,0,0,0,0,0
Waters11,5,42,cold,77.998343,4.378796,16.256858,106.055801,1,0.0,0,0,0,0,0
Waters11,5,43,cold,77.733425,4.957261,16.933379,110.530771,1,0.0,0,0,0,0,0
Waters11,5,44,cold,80.06652,4.343759,16.447477,105.364749,1,0.0,0,0,0,0,0
Waters11,5,45,cold,77.943568,4.293288,17.111995,107.538888,1,0.0,0,0,0,0,0
Waters11,5,46,cold,78.731314,4.788353,20.510657,105.783425,1,0.0,0,0,0,0,0
Waters11,5,47,cold,77.729919,4.393898,15.916855,109.057601,1,0.0,0,0,0,0,0
Waters11,5,48,cold,77.079783,4.263567,16.373035,104.677067,1,0.0,0,0,0,0,0
Waters11,5,49,cold,78.247582,4.696798,18.009524,108.440444,1,0.0,0,0,0,0,0
Waters11,5,50,cold,77.750895,4.326346,16.107915,106.709143,1,0.0,0,0,0,0,0
Waters11,20,1,cold,73.667768,12.733557,48.731824,315.79633,1,0.0,0,0,0,0,0
Waters11,20,2,cold,74.508593,12.228562,53.070302,317.551306,1,0.0,0,0,0,0,0
Waters11,20,3,cold,74.23718,12.835978,48.58725,313.490067,1,0.0,0,0,0,0,0
Waters11,20,4,cold,74.51959,12.630692,50.083821,322.627091,1,0.0,0,0,0,0,0
Waters11,20,5,cold,73.992521,12.327395,49.45654,320.744871,1,0.0,0,0,0,0,0
Waters11,20,6,cold,75.275162,12.293111,48.871681,315.570958,1,0.0,0,0,0,0,0
Waters11,20,7,cold,74.12895,12.284976,48.233473,312.760235,1,0.0,0,0,0,0,0
Waters11,20,8,cold,79.975842,14.037816,52.198224,317.96017,1,0.0,0,0,0,0,0
Waters11,20,9,cold,76.404867,13.190379,53.950177,320.708402,1,0.0,0,0,0,0,0
Waters11,20,10,cold,74.439899,12.495412,48.780948,318.066494,1,0.0,0,0,0,0,0
Waters11,20,11,cold,76.142942,13.04327,49.883842,334.48906,1,0.0,0,0,0,0,0
Waters11,20,12,cold,74.637236,13.146985,48.545057,310.48299,1,0.0,0,0,0,0,0
Waters11,20,13,cold,74.259224,12.459511,49.331066,319.135753,1,0.0,0,0,0,0,0
Waters11,20,14,cold,79.376591,12.997828,48.979499,318.354858,1,0.0,0,0,0,0,0
Waters11,20,15,cold,83.216291,12.641181,48.088497,316.007325,1,0.0,0,0,0,0,0
Waters11,20,16,cold,74.752866,12.281014,48.328652,312.71263,1,0.0,0,0,0,0,0
Waters11,20,17,cold,72.578664,12.46748,48.268937,317.47271,1,0.0,0,0,0,0,0
Waters11,20,18,cold,76.014432,12.702222,48.85014,313.880256,1,0.0,0,0,0,0,0
Waters11,20,19,cold,75.184927,13.527982,49.03322,310.748004,1,0.0,0,0,0,0,0
Waters11,20,20,cold,72.916173,12.547681,49.383592,313.616023,1,0.0,0,0,0,0,0
Waters11,20,21,cold,78.176349,12.933742,48.336965,313.724168,1,0.0,0,0,0,0,0
Waters11,20,22,cold,73.555258,12.860928,49.445382,321.120998,1,0.0,0,0,0,0,0
Waters11,20,23,cold,74.759757,12.866707,48.543084,325.629798,1,0.0,0,0,0,0,0
Waters11,20,24,cold,76.4741,12.432272,47.760237,318.051219,1,0.0,0,0,0,0,0
Waters11,20,25,cold,74.622577,12.736677,48.320073,316.541097,1,0.0,0,0,0,0,0
Waters11,20,26,cold,91.290454,14.713057,50.496398,321.365607,1,0.0,0,0,0,0,0
Waters11,20,27,cold,76.363092,12.92021,47.663996,314.301117,1,0.0,0,0,0,0,0
Waters11,20,28,cold,74.372992,12.861411,48.804972,318.511014,1,0.0,0,0,0,0,0
Waters11,20,29,cold,73.963048,12.724516,49.421939,314.295932,1,0.0,0,0,0,0,0
Waters11,20,30,cold,73.237718,12.557218,47.525547,320.536625,1,0.0,0,0,0,0,0
Waters11,20,31,cold,73.845929,12.192118,48.466031,316.721519,1,0.0,0,0,0,0,0
Waters11,20,32,cold,74.712471,12.787636,48.71424,317.275982,1,0.0,0,0,0,0,0
Waters11,20,33,cold,73.57344,12.438129,48.088698,318.208659,1,0.0,0,0,0,0,0
Waters11,20,34,cold,72.36248,12.310966,48.442216,311.820595,1,0.0,0,0,0,0,0
Waters11,20,35,cold,75.082751,12.54463,48.039675,318.546713,1,0.0,0,0,0,0,0
Waters11,20,36,cold,74.664809,12.860231,52.376667,320.60049,1,0.0,0,0,0,0,0
Waters11,20,37,cold,74.067694,12.367961,48.521055,312.153014,1,0.0,0,0,0,0,0
Waters11,20,38,cold,73.516194,12.549225,51.711485,319.612011,1,0.0,0,0,0,0,0
Waters11,20,39,cold,73.983281,13.088613,48.632946,313.08626,1,0.0,0,0,0,0,0
Waters11,20,40,cold,74.48317,12.679491,49.303383,350.821779,1,0.0,0,0,0,0,0
Waters11,20,41,cold,74.478186,12.968544,48.814329,312.199445,1,0.0,0,0,0,0,0
Waters11,20,42,cold,74.884147,12.407786,49.479376,313.739391,1,0.0,0,0,0,0,0
Waters11,20,43,cold,78.50554,13.265489,50.384136,323.113431,1,0.0,0,0,0,0,0
Waters11,20,44,cold,77.085534,13.198787,50.250998,330.050111,1,0.0,0,0,0,0,0
Waters11,20,45,cold,76.99824,14.007232,49.512419,322.953665,1,0.0,0,0,0,0,0
Waters11,20,46,cold,78.230139,12.642625,51.164414,348.973724,1,0.0,0,0,0,0,0
Waters11,20,47,cold,80.122718,13.905005,52.009325,330.024978,1,0.0,0,0,0,0,0
Waters11,20,48,cold,77.653555,12.792864,50.467322,323.171923,1,0.0,0,0,0,0,0
Waters11,20,49,cold,78.722951,13.526881,51.080709,330.465825,1,0.0,0,0,0,0,0
Waters11,20,50,cold,79.852295,13.846269,52.587794,330.760643,1,0.0,0,0,0,0,0
Waters11,50,1,cold,75.590851,29.968144,112.689488,737.90903,1,0.0,0,0,0,0,0
Waters11,50,2,cold,75.21018,29.766256,113.818297,741.137332,1,0.0,0,0,0,0,0
Waters11,50,3,cold,74.841026,30.047808,113.017816,748.748478,1,0.0,0,0,0,0,0
Waters11,50,4,cold,72.984306,29.747078,111.480622,778.099258,1,0.0,0,0,0,0,0
Waters11,50,5,cold,74.304498,31.68125,113.327031,731.771048,1,0.0,0,0,0,0,0
Waters11,50,6,cold,73.951234,29.072983,116.728831,742.668964,1,0.0,0,0,0,0,0
Waters11,50,7,cold,73.606746,31.136278,116.230943,766.34247,1,0.0,0,0,0,0,0
Waters11,50,8,cold,72.898994,29.381783,112.979825,737.89806,1,0.0,0,0,0,0,0
Waters11,50,9,cold,76.805084,28.986025,118.813143,752.91572,1,0.0,0,0,0,0,0
Waters11,50,10,cold,72.832415,29.854013,114.936585,721.762533,1,0.0,0,0,0,0,0
Waters11,50,11,cold,73.483103,38.566675,120.722601,744.954716,1,0.0,0,0,0,0,0
Waters11,50,12,cold,75.402749,29.50167,112.61811,747.737007,1,0.0,0,0,0,0,0
Waters11,50,13,cold,74.367574,29.528055,115.566713,755.474212,1,0.0,0,0,0,0,0
Waters11,50,14,cold,73.544135,30.435919,121.218621,918.967961,1,0.0,0,0,0,0,0
Waters11,50,15,cold,75.52413,29.948821,115.198137,753.485848,1,0.0,0,0,0,0,0
Waters11,50,16,cold,75.605502,29.365386,113.028042,747.386343,1,0.0,0,0,0,0,0
Waters11,50,17,cold,73.420832,29.533538,112.330554,751.183652,1,0.0,0,0,0,0,0
Waters11,50,18,cold,73.618599,28.974281,113.685131,732.404009,1,0.0,0,0,0,0,0
Waters11,50,19,cold,72.702273,29.467021,114.175982,763.621522,1,0.0,0,0,0,0,0
Waters11,50,20,cold,76.894603,29.96559,115.597737,743.053946,1,0.0,0,0,0,0,0
Waters11,50,21,cold,76.113263,29.983075,115.49215,744.842693,1,0.0,0,0,0,0,0
Waters11,50,22,cold,72.954471,28.536161,115.835161,742.749963,1,0.0,0,0,0,0,0
Waters11,50,23,cold,74.354456,30.793386,116.443213,745.03424,1,0.0,0,0,0,0,0
Waters11,50,24,cold,73.174969,28.945281,112.999352,753.654553,1,0.0,0,0,0,0,0
Waters11,50,25,cold,74.343377,28.76352,112.038112,762.016441,1,0.0,0,0,0,0,0
Waters11,50,26,cold,74.253964,28.757995,113.201058,742.202102,1,0.0,0,0,0,0,0
Waters11,50,27,cold,74.894248,30.079652,116.765448,743.552792,1,0.0,0,0,0,0,0
Waters11,50,28,cold,77.575709,31.219146,115.154313,744.16908,1,0.0,0,0,0,0,0
Waters11,50,29,cold,74.215009,28.856403,114.684861,746.617514,1,0.0,0,0,0,0,0
Waters11,50,30,cold,76.483195,29.402333,115.059408,753.730435,1,0.0,0,0,0,0,0
Waters11,50,31,cold,81.952672,29.545238,114.762814,735.964691,1,0.0,0,0,0,0,0
Waters11,50,32,cold,73.536015,28.836864,116.428242,744.426204,1,0.0,0,0,0,0,0
Waters11,50,33,cold,73.658619,29.852209,113.53183,736.410003,1,0.0,0,0,0,0,0
Waters11,50,34,cold,73.769778,29.88578,113.021427,766.438671,1,0.0,0,0,0,0,0
Waters11,50,35,cold,74.057905,29.78422,114.472709,745.870968,1,0.0,0,0,0,0,0
Waters11,50,36,cold,74.04795,29.122972,112.419492,750.208281,1,0.0,0,0,0,0,0
Waters11,50,37,cold,74.634751,31.32314,114.927654,756.270066,1,0.0,0,0,0,0,0
Waters11,50,38,cold,73.818014,28.897686,114.32439,750.063406,1,0.0,0,0,0,0,0
Waters11,50,39,cold,82.117436,29.921954,113.797947,745.57329,1,0.0,0,0,0,0,0
Waters11,50,40,cold,77.838035,30.457467,116.679845,744.0938,1,0.0,0,0,0,0,0
Waters11,50,41,cold,73.942526,29.236497,114.781506,747.90923,1,0.0,0,0,0,0,0
Waters11,50,42,cold,74.767741,29.330951,112.267033,744.746983,1,0.0,0,0,0,0,0
Waters11,50,43,cold,73.71278,30.34776,117.198146,756.07859,1,0.0,0,0,0,0,0
Waters11,50,44,cold,76.833332,29.895774,118.579936,773.385108,1,0.0,0,0,0,0,0
Waters11,50,45,cold,76.633295,30.323619,111.932053,750.850551,1,0.0,0,0,0,0,0
Waters11,50,46,cold,73.509435,29.141114,114.613595,757.002298,1,0.0,0,0,0,0,0
Waters11,50,47,cold,76.685531,30.215776,118.495598,742.103181,1,0.0,0,0,0,0,0
Waters11,50,48,cold,74.265119,31.501921,116.549299,755.620604,1,0.0,0,0,0,0,0
Waters11,50,49,cold,76.126845,31.322509,115.903753,744.62293,1,0.0,0,0,0,0,0
Waters11,50,50,cold,74.117485,29.838421,113.689976,790.215342,1,0.0,0,0,0,0,0
FAME,5,1,cold,26.950062,34.495248,29.886456,87.52146,1,0.0,0,0,0,0,0
FAME,5,2,cold,26.245693,34.186512,29.144849,87.908621,1,0.0,0,0,0,0,0
FAME,5,3,cold,27.929416,34.588808,30.175195,87.066925,1,0.0,0,0,0,0,0
FAME,5,4,cold,25.656943,34.560174,29.821132,87.385739,1,0.0,0,0,0,0,0
FAME,5,5,cold,25.857004,33.871265,28.819791,85.916802,1,0.0,0,0,0,0,0
FAME,5,6,cold,26.095415,34.807634,30.270654,87.912714,1,0.0,0,0,0,0,0
FAME,5,7,cold,27.378051,34.768648,29.55171,87.984847,1,0.0,0,0,0,0,0
FAME,5,8,cold,26.294449,34.443061,28.341861,86.532916,1,0.0,0,0,0,0,0
FAME,5,9,cold,26.191354,34.335197,29.949016,90.04749,1,0.0,0,0,0,0,0
FAME,5,10,cold,26.387095,34.517715,29.57108,88.455289,1,0.0,0,0,0,0,0
FAME,5,11,cold,25.90668,34.490802,29.057935,89.111826,1,0.0,0,0,0,0,0
FAME,5,12,cold,26.519685,35.513552,28.63321,87.693488,1,0.0,0,0,0,0,0
FAME,5,13,cold,26.330828,33.875087,28.78428,118.706703,1,0.0,0,0,0,0,0
FAME,5,14,cold,26.100346,33.742072,29.064265,86.061806,1,0.0,0,0,0,0,0
FAME,5,15,cold,27.949094,37.180097,29.428137,87.040062,1,0.0,0,0,0,0,0
FAME,5,16,cold,25.815451,33.785275,29.482986,87.451638,1,0.0,0,0,0,0,0
FAME,5,17,cold,26.934131,34.715791,29.096249,85.000467,1,0.0,0,0,0,0,0
FAME,5,18,cold,26.263551,33.996324,28.433638,85.925284,1,0.0,0,0,0,0,0
FAME,5,19,cold,26.205845,34.103887,29.147101,88.775018,1,0.0,0,0,0,0,0
FAME,5,20,cold,27.597098,34.981573,29.539591,90.503551,1,0.0,0,0,0,0,0
FAME,5,21,cold,27.288253,35.174014,29.750831,87.87611,1,0.0,0,0,0,0,0
FAME,5,22,cold,26.377979,33.867068,28.673844,86.159049,1,0.0,0,0,0,0,0
FAME,5,23,cold,26.126333,34.327495,29.087552,87.503911,1,0.0,0,0,0,0,0
FAME,5,24,cold,27.055406,34.83046,30.040844,88.205407,1,0.0,0,0,0,0,0
FAME,5,25,cold,26.883176,34.691076,29.609812,87.420813,1,0.0,0,0,0,0,0
FAME,5,26,cold,26.367597,33.762681,28.671201,86.870937,1,0.0,0,0,0,0,0
FAME,5,27,cold,26.727886,36.133411,30.284529,91.742304,1,0.0,0,0,0,0,0
FAME,5,28,cold,26.215709,34.798781,29.378424,87.482004,1,0.0,0,0,0,0,0
FAME,5,29,cold,26.309091,34.474312,29.24059,87.69485,1,0.0,0,0,0,0,0
FAME,5,30,cold,26.840282,33.918964,29.255644,89.9677,1,0.0,0,0,0,0,0
FAME,5,31,cold,26.605949,34.881502,29.646541,86.6823,1,0.0,0,0,0,0,0
FAME,5,32,cold,27.189092,36.645098,30.307888,89.236589,1,0.0,0,0,0,0,0
FAME,5,33,cold,26.411597,35.153559,29.702195,85.931795,1,0.0,0,0,0,0,0
FAME,5,34,cold,25.672567,34.660236,29.440547,86.402738,1,0.0,0,0,0,0,0
FAME,5,35,cold,25.766113,34.680163,29.04957,87.195913,1,0.0,0,0,0,0,0
FAME,5,36,cold,26.025843,34.065291,29.140265,85.98478,1,0.0,0,0,0,0,0
FAME,5,37,cold,26.154661,33.762292,28.963224,85.845524,1,0.0,0,0,0,0,0
FAME,5,38,cold,26.681405,33.513781,28.842738,84.85611,1,0.0,0,0,0,0,0
FAME,5,39,cold,26.785327,34.304834,31.111837,97.14537,1,0.0,0,0,0,0,0
FAME,5,40,cold,28.837388,36.370423,30.489249,88.567208,1,0.0,0,0,0,0,0
FAME,5,41,cold,26.269758,33.910951,29.917597,87.731561,1,0.0,0,0,0,0,0
FAME,5,42,cold,26.07247,33.425646,29.500228,86.567284,1,0.0,0,0,0,0,0
FAME,5,43,cold,27.0812,34.196455,29.498703,91.168868,1,0.0,0,0,0,0,0
FAME,5,44,cold,26.179144,35.481378,29.155635,87.64282,1,0.0,0,0,0,0,0
FAME,5,45,cold,25.73686,34.270586,30.145064,86.726766,1,0.0,0,0,0,0,0
FAME,5,46,cold,25.567503,34.064441,29.663792,84.848817,1,0.0,0,0,0,0,0
FAME,5,47,cold,26.228545,35.190443,28.855232,86.888889,1,0.0,0,0,0,0,0
FAME,5,48,cold,26.011356,33.996435,28.831455,85.522526,1,0.0,0,0,0,0,0
FAME,5,49,cold,25.569912,34.182208,29.244157,104.770722,1,0.0,0,0,0,0,0
FAME,5,50,cold,29.421512,35.90385,28.894557,88.628401,1,0.0,0,0,0,0,0
FAME,20,1,cold,27.629054,123.334102,100.726338,94.908632,1,0.0,0,0,0,0,0
FAME,20,2,cold,31.723006,125.723316,95.19848,91.563884,1,0.0,0,0,0,0,0
FAME,20,3,cold,26.458304,115.484055,85.099496,83.877609,1,0.0,0,0,0,0,0
FAME,20,4,cold,25.497528,112.111094,85.874277,83.750813,1,0.0,0,0,0,0,0
FAME,20,5,cold,27.090162,113.5137,85.692983,85.158087,1,0.0,0,0,0,0,0
FAME,20,6,cold,28.322781,115.244554,90.223623,90.919639,1,0.0,0,0,0,0,0
FAME,20,7,cold,30.93328,121.079411,89.121124,89.993812,1,0.0,0,0,0,0,0
FAME,20,8,cold,27.694203,115.19446,94.615621,89.032748,1,0.0,0,0,0,0,0
FAME,20,9,cold,27.78823,125.996375,90.125308,90.141018,1,0.0,0,0,0,0,0
FAME,20,10,cold,26.711033,122.499623,92.620772,91.112953,1,0.0,0,0,0,0,0
FAME,20,11,cold,27.433645,116.812498,89.826298,87.973278,1,0.0,0,0,0,0,0
FAME,20,12,cold,26.389307,121.391919,91.550933,87.668427,1,0.0,0,0,0,0,0
FAME,20,13,cold,25.956037,116.421158,95.492353,90.022502,1,0.0,0,0,0,0,0
FAME,20,14,cold,26.56815,113.192578,87.032162,87.82489,1,0.0,0,0,0,0,0
FAME,20,15,cold,26.222454,112.94176,87.821412,89.625126,1,0.0,0,0,0,0,0
FAME,20,16,cold,27.103627,115.789675,116.307334,96.661319,1,0.0,0,0,0,0,0
FAME,20,17,cold,27.414322,112.480396,87.714618,87.930577,1,0.0,0,0,0,0,0
FAME,20,18,cold,27.206734,125.162136,87.994483,87.10302,1,0.0,0,0,0,0,0
FAME,20,19,cold,27.624933,116.694354,86.430086,89.254706,1,0.0,0,0,0,0,0
FAME,20,20,cold,26.062046,114.175415,86.816139,87.746546,1,0.0,0,0,0,0,0
FAME,20,21,cold,27.140266,115.415271,90.638024,93.734045,1,0.0,0,0,0,0,0
FAME,20,22,cold,27.061258,114.43771,87.610984,86.425392,1,0.0,0,0,0,0,0
FAME,20,23,cold,25.635292,114.999487,88.024619,85.291467,1,0.0,0,0,0,0,0
FAME,20,24,cold,25.811916,112.305928,86.765579,85.443124,1,0.0,0,0,0,0,0
FAME,20,25,cold,25.790141,111.029576,88.190735,85.65187,1,0.0,0,0,0,0,0
FAME,20,26,cold,25.932391,112.891445,84.522511,84.99833,1,0.0,0,0,0,0,0
FAME,20,27,cold,25.987246,116.918692,89.102754,87.364817,1,0.0,0,0,0,0,0
FAME,20,28,cold,25.912564,113.280989,85.22289,84.778405,1,0.0,0,0,0,0,0
FAME,20,29,cold,25.540995,110.551244,86.132432,84.857426,1,0.0,0,0,0,0,0
FAME,20,30,cold,25.788999,110.68729,85.592167,85.71343,1,0.0,0,0,0,0,0
FAME,20,31,cold,25.878733,114.65088,88.518007,86.342824,1,0.0,0,0,0,0,0
FAME,20,32,cold,27.330766,114.87591,84.793051,85.589305,1,0.0,0,0,0,0,0
FAME,20,33,cold,26.203198,112.733835,86.676523,85.764721,1,0.0,0,0,0,0,0
FAME,20,34,cold,25.223194,118.918434,86.122386,85.551563,1,0.0,0,0,0,0,0
FAME,20,35,cold,25.910875,112.528033,85.318753,85.375471,1,0.0,0,0,0,0,0
FAME,20,36,cold,25.783972,111.452113,85.622558,84.896847,1,0.0,0,0,0,0,0
FAME,20,37,cold,25.379367,126.368735,90.180089,86.358119,1,0.0,0,0,0,0,0
FAME,20,38,cold,25.430193,111.234522,90.388943,87.346483,1,0.0,0,0,0,0,0
FAME,20,39,cold,25.486327,110.516008,85.534997,86.177452,1,0.0,0,0,0,0,0
FAME,20,40,cold,25.784371,110.727322,85.679857,86.179024,1,0.0,0,0,0,0,0
FAME,20,41,cold,25.772994,117.505347,87.872248,86.684102,1,0.0,0,0,0,0,0
FAME,20,42,cold,25.561962,110.756996,84.143729,85.374445,1,0.0,0,0,0,0,0
FAME,20,43,cold,26.031696,112.51983,86.853569,85.375734,1,0.0,0,0,0,0,0
FAME,20,44,cold,25.274933,111.437464,85.126834,85.200989,1,0.0,0,0,0,0,0
FAME,20,45,cold,25.67272,113.897759,84.545762,84.605452,1,0.0,0,0,0,0,0
FAME,20,46,cold,25.322347,113.221375,84.832219,85.667511,1,0.0,0,0,0,0,0
FAME,20,47,cold,25.567423,113.343659,85.762488,85.249932,1,0.0,0,0,0,0,0
FAME,20,48,cold,26.172382,116.08428,87.82821,88.65015,1,0.0,0,0,0,0,0
FAME,20,49,cold,28.431235,118.016051,88.830208,87.790398,1,0.0,0,0,0,0,0
FAME,20,50,cold,25.745479,112.278524,86.168691,89.645014,1,0.0,0,0,0,0,0
FAME,50,1,cold,27.523972,281.996545,211.794405,111.091798,1,0.0,0,0,0,0,0
FAME,50,2,cold,29.002218,306.713719,208.113578,89.893738,1,0.0,0,0,0,0,0
FAME,50,3,cold,26.300771,288.105507,211.966537,89.960868,1,0.0,0,0,0,0,0
FAME,50,4,cold,26.983933,277.587423,210.402484,89.775646,1,0.0,0,0,0,0,0
FAME,50,5,cold,27.012889,274.961789,206.778501,92.596499,1,0.0,0,0,0,0,0
FAME,50,6,cold,29.906187,278.241353,213.886705,90.837808,1,0.0,0,0,0,0,0
FAME,50,7,cold,26.765526,277.541136,214.085093,90.277834,1,0.0,0,0,0,0,0
FAME,50,8,cold,27.345215,279.535016,209.876247,92.600018,1,0.0,0,0,0,0,0
FAME,50,9,cold,26.850893,280.896216,216.246444,89.495771,1,0.0,0,0,0,0,0
FAME,50,10,cold,26.3131,281.826412,212.806123,92.050655,1,0.0,0,0,0,0,0
FAME,50,11,cold,27.587044,283.495204,208.480855,86.955076,1,0.0,0,0,0,0,0
FAME,50,12,cold,25.944691,281.533617,219.859176,102.439444,1,0.0,0,0,0,0,0
FAME,50,13,cold,27.037758,288.056198,205.961554,90.577894,1,0.0,0,0,0,0,0
FAME,50,14,cold,27.043865,277.767093,206.040831,89.583138,1,0.0,0,0,0,0,0
FAME,50,15,cold,27.368739,272.148926,213.972344,88.855431,1,0.0,0,0,0,0,0
FAME,50,16,cold,25.995696,280.027151,218.119076,90.295874,1,0.0,0,0,0,0,0
FAME,50,17,cold,26.965809,282.57833,210.295453,87.571893,1,0.0,0,0,0,0,0
FAME,50,18,cold,26.494648,279.119462,226.712654,90.126821,1,0.0,0,0,0,0,0
FAME,50,19,cold,26.374984,274.852895,205.719975,92.580484,1,0.0,0,0,0,0,0
FAME,50,20,cold,27.192537,289.914865,211.942674,87.693764,1,0.0,0,0,0,0,0
FAME,50,21,cold,25.823398,301.433791,208.979688,89.903055,1,0.0,0,0,0,0,0
FAME,50,22,cold,27.395514,277.041477,208.714927,89.846711,1,0.0,0,0,0,0,0
FAME,50,23,cold,26.553839,301.492091,218.84422,94.010859,1,0.0,0,0,0,0,0
FAME,50,24,cold,26.621562,281.941083,217.963414,91.362668,1,0.0,0,0,0,0,0
FAME,50,25,cold,27.336222,278.623589,205.686882,88.827049,1,0.0,0,0,0,0,0
FAME,50,26,cold,26.051515,280.505409,209.500015,91.932968,1,0.0,0,0,0,0,0
FAME,50,27,cold,27.843475,283.873044,217.058992,91.448866,1,0.0,0,0,0,0,0
FAME,50,28,cold,28.592131,276.196332,209.724388,89.531495,1,0.0,0,0,0,0,0
FAME,50,29,cold,26.516152,281.030968,210.905879,90.648313,1,0.0,0,0,0,0,0
FAME,50,30,cold,25.936595,283.046699,205.7161,88.022407,1,0.0,0,0,0,0,0
FAME,50,31,cold,26.87832,291.049463,206.409303,88.789394,1,0.0,0,0,0,0,0
FAME,50,32,cold,27.370093,279.65081,207.117534,91.06574,1,0.0,0,0,0,0,0
FAME,50,33,cold,26.524618,282.096924,218.025586,89.636241,1,0.0,0,0,0,0,0
FAME,50,34,cold,33.476351,285.016837,216.545063,90.734849,1,0.0,0,0,0,0,0
FAME,50,35,cold,27.124956,293.394255,206.035904,91.065406,1,0.0,0,0,0,0,0
FAME,50,36,cold,26.956517,284.746179,216.76853,90.303164,1,0.0,0,0,0,0,0
FAME,50,37,cold,25.562261,266.878461,208.696673,88.702323,1,0.0,0,0,0,0,0
FAME,50,38,cold,26.969857,282.795046,206.337404,90.757663,1,0.0,0,0,0,0,0
FAME,50,39,cold,25.971571,275.603102,210.960201,91.171538,1,0.0,0,0,0,0,0
FAME,50,40,cold,27.777486,297.705621,204.409185,90.822692,1,0.0,0,0,0,0,0
FAME,50,41,cold,28.174512,284.341761,206.409662,97.29427,1,0.0,0,0,0,0,0
FAME,50,42,cold,26.256838,282.127406,208.714943,89.80178,1,0.0,0,0,0,0,0
FAME,50,43,cold,25.986444,278.698974,213.126943,89.567881,1,0.0,0,0,0,0,0
FAME,50,44,cold,26.396427,278.628195,234.74762,93.202015,1,0.0,0,0,0,0,0
FAME,50,45,cold,26.882192,277.241731,216.75932,91.730523,1,0.0,0,0,0,0,0
FAME,50,46,cold,27.183732,278.6069,208.769421,93.161811,1,0.0,0,0,0,0,0
FAME,50,47,cold,26.864289,279.05664,207.879256,91.318192,1,0.0,0,0,0,0,0
FAME,50,48,cold,27.3185,279.249853,208.253003,88.590438,1,0.0,0,0,0,0,0
FAME,50,49,cold,26.717776,289.519889,206.661961,89.560286,1,0.0,0,0,0,0,0
FAME,50,50,cold,27.021286,288.871404,205.986449,90.040686,1,0.0,0,0,0,0,0
FABEO,5,1,cold,21.527666,5.304721,12.686129,44.342359,1,0.0,0,0,0,0,0
FABEO,5,2,cold,20.617853,5.82286,12.534515,47.612696,1,0.0,0,0,0,0,0
FABEO,5,3,cold,19.611257,5.006484,12.775486,46.887037,1,0.0,0,0,0,0,0
FABEO,5,4,cold,20.232462,5.063551,12.25703,45.557288,1,0.0,0,0,0,0,0
FABEO,5,5,cold,19.700667,5.154179,13.361854,43.494428,1,0.0,0,0,0,0,0
FABEO,5,6,cold,19.059786,4.93878,12.268429,43.691968,1,0.0,0,0,0,0,0
FABEO,5,7,cold,19.104313,5.018951,12.434837,44.315152,1,0.0,0,0,0,0,0
FABEO,5,8,cold,20.044231,5.366583,12.12172,47.946544,1,0.0,0,0,0,0,0
FABEO,5,9,cold,21.191466,5.916826,13.054132,45.829537,1,0.0,0,0,0,0,0
FABEO,5,10,cold,20.444502,5.115605,12.203673,44.351563,1,0.0,0,0,0,0,0
FABEO,5,11,cold,20.085953,5.141384,11.967911,45.553238,1,0.0,0,0,0,0,0
FABEO,5,12,cold,20.381943,5.535187,12.517039,46.424985,1,0.0,0,0,0,0,0
FABEO,5,13,cold,20.164464,5.067821,12.044511,44.722112,1,0.0,0,0,0,0,0
FABEO,5,14,cold,18.998582,5.137892,12.374286,43.437005,1,0.0,0,0,0,0,0
FABEO,5,15,cold,19.186331,5.014067,12.311363,44.068354,1,0.0,0,0,0,0,0
FABEO,5,16,cold,19.628918,5.249695,12.003114,44.283568,1,0.0,0,0,0,0,0
FABEO,5,17,cold,19.494466,5.182011,12.108375,43.965026,1,0.0,0,0,0,0,0
FABEO,5,18,cold,19.724027,4.961242,12.908241,44.39699,1,0.0,0,0,0,0,0
FABEO,5,19,cold,19.821119,5.049371,12.323515,44.845179,1,0.0,0,0,0,0,0
FABEO,5,20,cold,20.785742,5.400541,12.254629,43.102899,1,0.0,0,0,0,0,0
FABEO,5,21,cold,21.191228,5.070955,12.654182,45.824348,1,0.0,0,0,0,0,0
FABEO,5,22,cold,19.94846,5.317678,12.449768,45.616364,1,0.0,0,0,0,0,0
FABEO,5,23,cold,19.659364,5.316764,12.806617,44.431108,1,0.0,0,0,0,0,0
FABEO,5,24,cold,19.977191,5.017293,12.163807,44.413753,1,0.0,0,0,0,0,0
FABEO,5,25,cold,20.293738,5.308787,12.124527,44.478146,1,0.0,0,0,0,0,0
FABEO,5,26,cold,19.937992,5.220157,12.226346,44.498171,1,0.0,0,0,0,0,0
FABEO,5,27,cold,19.113303,5.299831,13.10396,44.399463,1,0.0,0,0,0,0,0
FABEO,5,28,cold,19.816919,5.539307,14.472751,46.165481,1,0.0,0,0,0,0,0
FABEO,5,29,cold,19.781763,5.940072,12.045807,45.662745,1,0.0,0,0,0,0,0
FABEO,5,30,cold,20.546511,5.327596,12.618499,46.067018,1,0.0,0,0,0,0,0
FABEO,5,31,cold,19.78435,4.997583,12.998535,45.510955,1,0.0,0,0,0,0,0
FABEO,5,32,cold,20.397134,4.913325,12.331879,45.171912,1,0.0,0,0,0,0,0
FABEO,5,33,cold,20.399363,5.124545,12.125992,44.765577,1,0.0,0,0,0,0,0
FABEO,5,34,cold,19.147024,5.350435,11.81288,44.09272,1,0.0,0,0,0,0,0
FABEO,5,35,cold,18.743438,5.293407,12.719722,46.521871,1,0.0,0,0,0,0,0
FABEO,5,36,cold,21.311623,5.338726,13.23529,46.877394,1,0.0,0,0,0,0,0
FABEO,5,37,cold,22.490794,5.130825,14.47568,45.602707,1,0.0,0,0,0,0,0
FABEO,5,38,cold,19.282981,4.813204,13.193653,45.449212,1,0.0,0,0,0,0,0
FABEO,5,39,cold,19.32939,5.178357,11.800837,44.612057,1,0.0,0,0,0,0,0
FABEO,5,40,cold,19.541078,5.13001,12.302918,44.33718,1,0.0,0,0,0,0,0
FABEO,5,41,cold,20.218547,5.147911,12.297869,45.129758,1,0.0,0,0,0,0,0
FABEO,5,42,cold,19.635496,5.55312,12.143235,44.288164,1,0.0,0,0,0,0,0
FABEO,5,43,cold,20.113933,5.190852,12.496427,45.350511,1,0.0,0,0,0,0,0
FABEO,5,44,cold,20.025608,5.059745,12.638197,44.784975,1,0.0,0,0,0,0,0
FABEO,5,45,cold,19.686527,5.292565,12.454013,44.505801,1,0.0,0,0,0,0,0
FABEO,5,46,cold,19.186266,6.037784,12.496551,45.264011,1,0.0,0,0,0,0,0
FABEO,5,47,cold,19.798393,5.219964,12.538943,58.948572,1,0.0,0,0,0,0,0
FABEO,5,48,cold,21.041861,5.965189,14.306196,46.132408,1,0.0,0,0,0,0,0
FABEO,5,49,cold,20.419972,5.082442,12.137414,45.149392,1,0.0,0,0,0,0,0
FABEO,5,50,cold,20.144971,5.128801,12.992272,44.516946,1,0.0,0,0,0,0,0
FABEO,20,1,cold,20.491309,14.91378,33.666443,49.098088,1,0.0,0,0,0,0,0
FABEO,20,2,cold,21.815909,17.04227,35.978141,51.46458,1,0.0,0,0,0,0,0
FABEO,20,3,cold,21.887238,15.414651,36.63339,51.347992,1,0.0,0,0,0,0,0
FABEO,20,4,cold,23.829875,16.890632,40.742623,72.834128,1,0.0,0,0,0,0,0
FABEO,20,5,cold,21.96186,15.551794,32.867701,51.638994,1,0.0,0,0,0,0,0
FABEO,20,6,cold,24.156484,17.281524,40.045538,56.908239,1,0.0,0,0,0,0,0
FABEO,20,7,cold,23.642645,18.663226,38.285891,50.04428,1,0.0,0,0,0,0,0
FABEO,20,8,cold,21.102744,14.696853,34.228406,48.767217,1,0.0,0,0,0,0,0
FABEO,20,9,cold,21.635155,15.201449,34.092506,50.311354,1,0.0,0,0,0,0,0
FABEO,20,10,cold,24.393017,17.421918,37.143154,54.747481,1,0.0,0,0,0,0,0
FABEO,20,11,cold,23.953681,16.692446,36.115484,52.987495,1,0.0,0,0,0,0,0
FABEO,20,12,cold,24.03625,16.482876,35.659832,49.695561,1,0.0,0,0,0,0,0
FABEO,20,13,cold,21.406958,16.248025,36.524996,54.942841,1,0.0,0,0,0,0,0
FABEO,20,14,cold,23.345904,16.794652,40.79712,53.797346,1,0.0,0,0,0,0,0
FABEO,20,15,cold,23.406418,16.911472,37.132473,47.110894,1,0.0,0,0,0,0,0
FABEO,20,16,cold,21.557803,16.318705,37.307042,49.528405,1,0.0,0,0,0,0,0
FABEO,20,17,cold,20.952972,14.311335,32.90944,45.888477,1,0.0,0,0,0,0,0
FABEO,20,18,cold,20.32859,14.414747,31.587862,49.070515,1,0.0,0,0,0,0,0
FABEO,20,19,cold,21.872443,15.82114,38.364724,50.217634,1,0.0,0,0,0,0,0
FABEO,20,20,cold,21.20427,15.766574,33.777785,46.952634,1,0.0,0,0,0,0,0
FABEO,20,21,cold,21.454764,14.62643,32.387171,45.773543,1,0.0,0,0,0,0,0
FABEO,20,22,cold,20.47506,15.092912,33.224908,46.589805,1,0.0,0,0,0,0,0
FABEO,20,23,cold,21.016825,16.232021,37.279122,47.4219,1,0.0,0,0,0,0,0
FABEO,20,24,cold,20.89444,18.046135,39.87254,66.199828,1,0.0,0,0,0,0,0
FABEO,20,25,cold,28.556613,22.50539,39.744783,51.385567,1,0.0,0,0,0,0,0
FABEO,20,26,cold,29.922483,16.98295,40.084973,55.55511,1,0.0,0,0,0,0,0
FABEO,20,27,cold,24.543381,17.617202,41.020356,51.688644,1,0.0,0,0,0,0,0
FABEO,20,28,cold,23.615425,17.096811,36.205628,46.325182,1,0.0,0,0,0,0,0
FABEO,20,29,cold,20.677586,15.465727,34.182904,45.5618,1,0.0,0,0,0,0,0
FABEO,20,30,cold,19.592623,13.956241,31.657767,44.069441,1,0.0,0,0,0,0,0
FABEO,20,31,cold,19.802678,13.309545,32.406829,44.28484,1,0.0,0,0,0,0,0
FABEO,20,32,cold,19.410092,14.534931,30.359423,45.267951,1,0.0,0,0,0,0,0
FABEO,20,33,cold,19.961715,13.974118,33.365697,45.03717,1,0.0,0,0,0,0,0
FABEO,20,34,cold,19.932895,13.95849,33.707293,45.397309,1,0.0,0,0,0,0,0
FABEO,20,35,cold,19.678322,14.148,30.51318,44.432818,1,0.0,0,0,0,0,0
FABEO,20,36,cold,18.898326,15.568945,30.931814,43.722018,1,0.0,0,0,0,0,0
FABEO,20,37,cold,18.846528,13.784756,30.585065,42.947239,1,0.0,0,0,0,0,0
FABEO,20,38,cold,19.496959,13.383473,30.568214,45.954548,1,0.0,0,0,0,0,0
FABEO,20,39,cold,19.121522,13.748818,31.005331,43.077672,1,0.0,0,0,0,0,0
FABEO,20,40,cold,29.476129,15.566227,37.489472,50.222316,1,0.0,0,0,0,0,0
FABEO,20,41,cold,20.597185,14.69467,31.140434,42.555058,1,0.0,0,0,0,0,0
FABEO,20,42,cold,19.185762,13.590211,30.419692,43.403841,1,0.0,0,0,0,0,0
FABEO,20,43,cold,19.303731,13.580378,31.352751,43.797688,1,0.0,0,0,0,0,0
FABEO,20,44,cold,19.164074,13.865568,33.323186,44.334187,1,0.0,0,0,0,0,0
FABEO,20,45,cold,19.187117,14.923727,30.965311,44.35357,1,0.0,0,0,0,0,0
FABEO,20,46,cold,19.68304,13.713707,31.832094,44.573534,1,0.0,0,0,0,0,0
FABEO,20,47,cold,18.983551,14.364768,30.430107,44.263399,1,0.0,0,0,0,0,0
FABEO,20,48,cold,19.496032,14.131384,31.257832,43.367641,1,0.0,0,0,0,0,0
FABEO,20,49,cold,19.068628,13.61219,31.130265,43.717397,1,0.0,0,0,0,0,0
FABEO,20,50,cold,19.270262,13.511092,30.298469,53.630236,1,0.0,0,0,0,0,0
FABEO,50,1,cold,20.160906,32.416725,69.008256,44.330756,1,0.0,0,0,0,0,0
FABEO,50,2,cold,19.859872,31.765655,69.474274,45.066132,1,0.0,0,0,0,0,0
FABEO,50,3,cold,19.212647,31.038003,70.061602,44.851232,1,0.0,0,0,0,0,0
FABEO,50,4,cold,19.370095,33.099771,70.409887,44.609489,1,0.0,0,0,0,0,0
FABEO,50,5,cold,21.764043,36.122899,68.538942,45.455842,1,0.0,0,0,0,0,0
FABEO,50,6,cold,19.194756,32.218771,70.264045,45.411872,1,0.0,0,0,0,0,0
FABEO,50,7,cold,19.581819,32.383177,69.460003,44.222284,1,0.0,0,0,0,0,0
FABEO,50,8,cold,19.274489,32.6078,70.419889,44.512599,1,0.0,0,0,0,0,0
FABEO,50,9,cold,19.195132,32.846915,69.500149,45.297335,1,0.0,0,0,0,0,0
FABEO,50,10,cold,19.299966,32.58132,69.176056,45.412772,1,0.0,0,0,0,0,0
FABEO,50,11,cold,18.901308,31.768252,68.346997,46.564511,1,0.0,0,0,0,0,0
FABEO,50,12,cold,19.296258,33.184889,70.323124,45.223155,1,0.0,0,0,0,0,0
FABEO,50,13,cold,19.613375,32.164089,69.191445,45.384197,1,0.0,0,0,0,0,0
FABEO,50,14,cold,20.141096,32.698722,76.0782,45.643076,1,0.0,0,0,0,0,0
FABEO,50,15,cold,19.751171,31.893856,71.98309,45.563341,1,0.0,0,0,0,0,0
FABEO,50,16,cold,20.177588,33.762392,70.763893,44.816821,1,0.0,0,0,0,0,0
FABEO,50,17,cold,19.504326,33.77033,68.934384,44.030547,1,0.0,0,0,0,0,0
FABEO,50,18,cold,19.415806,34.446546,73.023649,44.940803,1,0.0,0,0,0,0,0
FABEO,50,19,cold,19.899303,32.571086,69.640414,44.312254,1,0.0,0,0,0,0,0
FABEO,50,20,cold,19.517536,32.699556,68.389123,44.833497,1,0.0,0,0,0,0,0
FABEO,50,21,cold,19.863511,31.053189,68.452451,44.959393,1,0.0,0,0,0,0,0
FABEO,50,22,cold,19.452248,32.343778,69.296887,43.869995,1,0.0,0,0,0,0,0
FABEO,50,23,cold,19.060514,32.027136,70.518553,46.399846,1,0.0,0,0,0,0,0
FABEO,50,24,cold,21.024796,32.803985,69.286078,45.355467,1,0.0,0,0,0,0,0
FABEO,50,25,cold,19.707998,32.657504,69.296184,45.095367,1,0.0,0,0,0,0,0
FABEO,50,26,cold,19.125126,32.316744,69.197723,44.240863,1,0.0,0,0,0,0,0
FABEO,50,27,cold,19.376372,30.906148,68.712031,44.389722,1,0.0,0,0,0,0,0
FABEO,50,28,cold,19.428922,32.056667,71.740433,45.276181,1,0.0,0,0,0,0,0
FABEO,50,29,cold,19.85882,32.582886,68.359833,44.928339,1,0.0,0,0,0,0,0
FABEO,50,30,cold,19.09217,32.202765,68.716097,43.36007,1,0.0,0,0,0,0,0
FABEO,50,31,cold,19.743199,32.392556,74.523053,62.708847,1,0.0,0,0,0,0,0
FABEO,50,32,cold,21.826841,34.102594,71.26807,44.22373,1,0.0,0,0,0,0,0
FABEO,50,33,cold,18.843218,31.652713,68.236359,44.767262,1,0.0,0,0,0,0,0
FABEO,50,34,cold,19.23747,31.818009,72.461244,44.009154,1,0.0,0,0,0,0,0
FABEO,50,35,cold,19.197911,31.305729,66.538136,43.797556,1,0.0,0,0,0,0,0
FABEO,50,36,cold,20.555719,33.745278,69.1814,44.924377,1,0.0,0,0,0,0,0
FABEO,50,37,cold,19.319751,31.286674,68.540531,44.275803,1,0.0,0,0,0,0,0
FABEO,50,38,cold,18.598802,31.317601,66.636701,43.504337,1,0.0,0,0,0,0,0
FABEO,50,39,cold,18.43704,31.459103,68.077253,44.428158,1,0.0,0,0,0,0,0
FABEO,50,40,cold,19.685534,32.242485,69.860261,43.703944,1,0.0,0,0,0,0,0
FABEO,50,41,cold,20.303481,34.673764,72.840109,48.072124,1,0.0,0,0,0,0,0
FABEO,50,42,cold,19.149803,31.768562,70.091998,44.104849,1,0.0,0,0,0,0,0
FABEO,50,43,cold,19.258707,31.465995,67.225463,43.225939,1,0.0,0,0,0,0,0
FABEO,50,44,cold,19.691086,32.757639,70.885489,45.662679,1,0.0,0,0,0,0,0
FABEO,50,45,cold,19.296636,32.126287,69.804835,44.812978,1,0.0,0,0,0,0,0
FABEO,50,46,cold,19.718772,31.245051,69.996943,43.684729,1,0.0,0,0,0,0,0
FABEO,50,47,cold,19.313355,32.075362,68.964322,44.159895,1,0.0,0,0,0,0,0
FABEO,50,48,cold,19.525251,31.789608,70.709082,46.376879,1,0.0,0,0,0,0,0
FABEO,50,49,cold,19.324922,32.016199,68.799492,44.632019,1,0.0,0,0,0,0,0
FABEO,50,50,cold,19.252626,31.420732,69.073989,43.84953,1,0.0,0,0,0,0,0
FABESA,5,1,cold,23.751563,8.859821,17.1236,64.223373,1,0.0,0,0,0,0,0
FABESA,5,2,cold,22.113127,7.686321,17.573976,58.559558,1,0.0,0,0,0,0,0
FABESA,5,3,cold,21.440166,7.187627,21.826259,58.727113,1,0.0,0,0,0,0,0
FABESA,5,4,cold,21.253618,7.649231,16.211645,59.539227,1,0.0,0,0,0,0,0
FABESA,5,5,cold,20.851666,8.411789,15.701127,59.227125,1,0.0,0,0,0,0,0
FABESA,5,6,cold,21.600875,7.207107,15.3695,57.355944,1,0.0,0,0,0,0,0
FABESA,5,7,cold,21.806004,7.352029,15.470217,57.719248,1,0.0,0,0,0,0,0
FABESA,5,8,cold,21.112298,7.78972,15.777689,57.07039,1,0.0,0,0,0,0,0
FABESA,5,9,cold,21.149937,7.428823,15.542009,57.931208,1,0.0,0,0,0,0,0
FABESA,5,10,cold,21.002402,7.437418,15.859327,57.587807,1,0.0,0,0,0,0,0
FABESA,5,11,cold,21.898205,6.949992,15.943684,58.509237,1,0.0,0,0,0,0,0
FABESA,5,12,cold,21.17767,7.44552,22.955965,94.323453,1,0.0,0,0,0,0,0
FABESA,5,13,cold,35.408777,8.663722,19.908901,66.586483,1,0.0,0,0,0,0,0
FABESA,5,14,cold,22.331841,7.888706,16.314188,59.623993,1,0.0,0,0,0,0,0
FABESA,5,15,cold,23.408399,7.622006,16.102764,59.094477,1,0.0,0,0,0,0,0
FABESA,5,16,cold,22.4234,7.414591,15.756483,59.216724,1,0.0,0,0,0,0,0
FABESA,5,17,cold,22.006804,7.476845,15.577856,59.062566,1,0.0,0,0,0,0,0
FABESA,5,18,cold,21.507751,8.327559,16.254816,58.200445,1,0.0,0,0,0,0,0
FABESA,5,19,cold,23.510762,7.706421,16.909207,59.073418,1,0.0,0,0,0,0,0
FABESA,5,20,cold,21.365596,8.203493,15.777662,57.97801,1,0.0,0,0,0,0,0
FABESA,5,21,cold,21.283565,7.498033,16.038099,59.993405,1,0.0,0,0,0,0,0
FABESA,5,22,cold,23.128677,8.051632,16.432857,59.294665,1,0.0,0,0,0,0,0
FABESA,5,23,cold,21.662669,7.548166,16.668784,58.966394,1,0.0,0,0,0,0,0
FABESA,5,24,cold,22.165438,7.722914,16.312956,59.412274,1,0.0,0,0,0,0,0
FABESA,5,25,cold,22.985835,7.198608,16.707446,59.234297,1,0.0,0,0,0,0,0
FABESA,5,26,cold,21.697691,7.290194,16.292077,61.261184,1,0.0,0,0,0,0,0
FABESA,5,27,cold,23.470385,7.944468,15.901444,59.538029,1,0.0,0,0,0,0,0
FABESA,5,28,cold,22.170309,7.277408,16.532371,58.579852,1,0.0,0,0,0,0,0
FABESA,5,29,cold,21.334751,8.546625,16.473893,58.628518,1,0.0,0,0,0,0,0
FABESA,5,30,cold,21.796069,7.568595,16.816041,58.60118,1,0.0,0,0,0,0,0
FABESA,5,31,cold,21.497239,7.103185,16.128941,62.232188,1,0.0,0,0,0,0,0
FABESA,5,32,cold,21.654604,7.332899,15.856123,58.635979,1,0.0,0,0,0,0,0
FABESA,5,33,cold,22.944141,7.476532,15.57323,58.592887,1,0.0,0,0,0,0,0
FABESA,5,34,cold,21.381278,7.548275,15.813816,62.420109,1,0.0,0,0,0,0,0
FABESA,5,35,cold,22.326066,7.25851,15.79388,60.121817,1,0.0,0,0,0,0,0
FABESA,5,36,cold,21.246386,8.234361,16.192072,58.829866,1,0.0,0,0,0,0,0
FABESA,5,37,cold,22.048073,7.647648,16.114947,59.571708,1,0.0,0,0,0,0,0
FABESA,5,38,cold,21.482123,7.292237,16.169363,58.315844,1,0.0,0,0,0,0,0
FABESA,5,39,cold,21.80513,7.94733,16.443594,59.148218,1,0.0,0,0,0,0,0
FABESA,5,40,cold,21.082479,7.627814,15.482246,57.641359,1,0.0,0,0,0,0,0
FABESA,5,41,cold,21.217444,7.124419,15.404858,58.088826,1,0.0,0,0,0,0,0
FABESA,5,42,cold,21.423302,7.438012,15.822547,58.608019,1,0.0,0,0,0,0,0
FABESA,5,43,cold,21.685719,7.672197,15.914916,58.144336,1,0.0,0,0,0,0,0
FABESA,5,44,cold,21.553777,7.929983,16.15302,60.178381,1,0.0,0,0,0,0,0
FABESA,5,45,cold,21.3624,7.383354,16.295943,57.923911,1,0.0,0,0,0,0,0
FABESA,5,46,cold,21.438501,7.460098,15.832082,58.906759,1,0.0,0,0,0,0,0
FABESA,5,47,cold,21.267869,9.307931,16.548609,58.159262,1,0.0,0,0,0,0,0
FABESA,5,48,cold,21.186179,7.556435,15.449077,57.075616,1,0.0,0,0,0,0,0
FABESA,5,49,cold,20.758166,7.368622,15.572879,57.767605,1,0.0,0,0,0,0,0
FABESA,5,50,cold,21.249925,7.894559,15.820708,57.271898,1,0.0,0,0,0,0,0
FABESA,20,1,cold,24.781838,27.691777,44.975615,61.475575,1,0.0,0,0,0,0,0
FABESA,20,2,cold,22.743851,25.867301,49.18449,64.070604,1,0.0,0,0,0,0,0
FABESA,20,3,cold,22.751738,26.45003,44.834333,62.272319,1,0.0,0,0,0,0,0
FABESA,20,4,cold,22.038842,26.109114,45.431797,60.706919,1,0.0,0,0,0,0,0
FABESA,20,5,cold,22.574793,26.225644,46.187155,61.189316,1,0.0,0,0,0,0,0
FABESA,20,6,cold,22.292368,26.849383,49.595338,60.969142,1,0.0,0,0,0,0,0
FABESA,20,7,cold,22.267286,27.555177,46.2404,59.855309,1,0.0,0,0,0,0,0
FABESA,20,8,cold,25.347477,26.317973,46.470903,60.286542,1,0.0,0,0,0,0,0
FABESA,20,9,cold,22.652745,25.969255,45.524801,59.880861,1,0.0,0,0,0,0,0
FABESA,20,10,cold,22.49482,26.717885,47.419328,61.218252,1,0.0,0,0,0,0,0
FABESA,20,11,cold,22.61771,26.641347,45.308621,61.48501,1,0.0,0,0,0,0,0
FABESA,20,12,cold,22.35157,25.161933,45.285576,60.627931,1,0.0,0,0,0,0,0
FABESA,20,13,cold,22.492805,26.552079,46.849086,62.327842,1,0.0,0,0,0,0,0
FABESA,20,14,cold,22.031485,26.826978,46.460126,61.048761,1,0.0,0,0,0,0,0
FABESA,20,15,cold,24.111282,27.942878,45.829884,64.064661,1,0.0,0,0,0,0,0
FABESA,20,16,cold,22.929765,26.744167,44.917641,61.773335,1,0.0,0,0,0,0,0
FABESA,20,17,cold,22.872213,28.077806,45.283032,60.024215,1,0.0,0,0,0,0,0
FABESA,20,18,cold,22.204469,26.174716,48.279507,61.253942,1,0.0,0,0,0,0,0
FABESA,20,19,cold,22.311075,25.593398,46.187986,62.440842,1,0.0,0,0,0,0,0
FABESA,20,20,cold,21.418042,26.648627,45.337198,59.287672,1,0.0,0,0,0,0,0
FABESA,20,21,cold,22.979404,26.164507,44.7583,60.434009,1,0.0,0,0,0,0,0
FABESA,20,22,cold,22.98944,27.660234,44.699736,61.565383,1,0.0,0,0,0,0,0
FABESA,20,23,cold,21.447643,26.009026,44.856435,62.863362,1,0.0,0,0,0,0,0
FABESA,20,24,cold,21.916378,27.110283,47.089016,85.631175,1,0.0,0,0,0,0,0
FABESA,20,25,cold,25.712653,26.29017,45.543884,60.239981,1,0.0,0,0,0,0,0
FABESA,20,26,cold,22.133002,26.364456,45.974576,61.652139,1,0.0,0,0,0,0,0
FABESA,20,27,cold,22.439959,26.422949,46.201182,61.549361,1,0.0,0,0,0,0,0
FABESA,20,28,cold,22.984195,26.189971,45.155395,68.490937,1,0.0,0,0,0,0,0
FABESA,20,29,cold,28.844981,26.217349,45.338214,61.054062,1,0.0,0,0,0,0,0
FABESA,20,30,cold,22.289628,27.675218,46.701794,60.773349,1,0.0,0,0,0,0,0
FABESA,20,31,cold,23.320907,25.887099,46.227696,61.217901,1,0.0,0,0,0,0,0
FABESA,20,32,cold,22.835651,26.324127,45.854186,60.853771,1,0.0,0,0,0,0,0
FABESA,20,33,cold,22.531119,25.949442,45.722526,61.756436,1,0.0,0,0,0,0,0
FABESA,20,34,cold,22.30186,26.688125,46.059129,59.909015,1,0.0,0,0,0,0,0
FABESA,20,35,cold,22.582139,27.03624,47.603001,61.020902,1,0.0,0,0,0,0,0
FABESA,20,36,cold,22.024179,26.944643,45.53733,60.79261,1,0.0,0,0,0,0,0
FABESA,20,37,cold,22.100977,27.11788,46.1494,60.481105,1,0.0,0,0,0,0,0
FABESA,20,38,cold,21.881285,26.13257,46.211616,61.161626,1,0.0,0,0,0,0,0
FABESA,20,39,cold,22.398964,27.21466,47.126053,60.886263,1,0.0,0,0,0,0,0
FABESA,20,40,cold,22.424488,27.1208,45.675472,61.698304,1,0.0,0,0,0,0,0
FABESA,20,41,cold,22.697152,26.099087,46.439795,63.183922,1,0.0,0,0,0,0,0
FABESA,20,42,cold,22.849552,26.008488,47.267791,61.68116,1,0.0,0,0,0,0,0
FABESA,20,43,cold,23.88586,26.531228,44.831705,61.247259,1,0.0,0,0,0,0,0
FABESA,20,44,cold,22.298305,24.797531,47.082793,80.527769,1,0.0,0,0,0,0,0
FABESA,20,45,cold,26.082212,25.638065,47.126594,62.591199,1,0.0,0,0,0,0,0
FABESA,20,46,cold,24.674338,30.555222,49.699598,64.906629,1,0.0,0,0,0,0,0
FABESA,20,47,cold,23.732642,25.151478,45.135163,60.651762,1,0.0,0,0,0,0,0
FABESA,20,48,cold,22.439342,25.999361,46.656528,60.866677,1,0.0,0,0,0,0,0
FABESA,20,49,cold,22.029426,26.727109,45.588975,60.403159,1,0.0,0,0,0,0,0
FABESA,20,50,cold,22.181983,28.875712,45.91808,59.576428,1,0.0,0,0,0,0,0
FABESA,50,1,cold,22.987635,63.850235,108.267852,59.549844,1,0.0,0,0,0,0,0
FABESA,50,2,cold,22.491476,63.189731,105.572753,63.113504,1,0.0,0,0,0,0,0
FABESA,50,3,cold,23.051409,83.453273,111.881346,62.77448,1,0.0,0,0,0,0,0
FABESA,50,4,cold,22.361306,63.803272,105.269639,65.561125,1,0.0,0,0,0,0,0
FABESA,50,5,cold,22.242538,62.76905,103.311523,63.222103,1,0.0,0,0,0,0,0
FABESA,50,6,cold,22.050249,65.176638,105.579457,66.08155,1,0.0,0,0,0,0,0
FABESA,50,7,cold,22.212027,65.005941,105.705654,66.363405,1,0.0,0,0,0,0,0
FABESA,50,8,cold,25.411849,67.375474,106.620484,70.689733,1,0.0,0,0,0,0,0
FABESA,50,9,cold,24.618531,66.567109,105.595726,62.506752,1,0.0,0,0,0,0,0
FABESA,50,10,cold,22.145006,64.673187,107.61535,62.1642,1,0.0,0,0,0,0,0
FABESA,50,11,cold,23.211317,64.819341,107.5244,61.347375,1,0.0,0,0,0,0,0
FABESA,50,12,cold,22.557056,64.495994,103.411816,63.303009,1,0.0,0,0,0,0,0
FABESA,50,13,cold,23.356609,64.492696,105.455696,61.955827,1,0.0,0,0,0,0,0
FABESA,50,14,cold,24.469474,64.63989,107.938665,62.138154,1,0.0,0,0,0,0,0
FABESA,50,15,cold,22.584012,64.542676,108.15438,63.377016,1,0.0,0,0,0,0,0
FABESA,50,16,cold,22.344908,65.951628,112.582667,64.850742,1,0.0,0,0,0,0,0
FABESA,50,17,cold,23.264178,65.040003,108.074017,61.757326,1,0.0,0,0,0,0,0
FABESA,50,18,cold,22.565763,64.540906,105.856557,61.990694,1,0.0,0,0,0,0,0
FABESA,50,19,cold,21.552781,65.74591,103.996884,60.468863,1,0.0,0,0,0,0,0
FABESA,50,20,cold,23.062464,64.725127,118.387112,59.210413,1,0.0,0,0,0,0,0
FABESA,50,21,cold,22.624529,60.401223,99.565301,59.381849,1,0.0,0,0,0,0,0
FABESA,50,22,cold,21.460854,60.824413,107.153384,60.160579,1,0.0,0,0,0,0,0
FABESA,50,23,cold,22.978097,65.295955,99.358826,59.926216,1,0.0,0,0,0,0,0
FABESA,50,24,cold,22.704589,61.539773,96.696189,57.857853,1,0.0,0,0,0,0,0
FABESA,50,25,cold,22.212062,72.107316,120.03328,70.318531,1,0.0,0,0,0,0,0
FABESA,50,26,cold,25.489817,73.448397,125.94484,60.015645,1,0.0,0,0,0,0,0
FABESA,50,27,cold,22.093705,64.46456,108.3986,58.107151,1,0.0,0,0,0,0,0
FABESA,50,28,cold,22.139384,60.704685,113.776086,60.046133,1,0.0,0,0,0,0,0
FABESA,50,29,cold,21.290139,62.677995,99.169876,58.039998,1,0.0,0,0,0,0,0
FABESA,50,30,cold,21.245443,60.827758,102.107373,59.68169,1,0.0,0,0,0,0,0
FABESA,50,31,cold,21.895946,61.780391,98.228586,58.067851,1,0.0,0,0,0,0,0
FABESA,50,32,cold,21.144904,60.102109,98.840071,57.779385,1,0.0,0,0,0,0,0
FABESA,50,33,cold,20.635739,58.692857,106.612012,63.608825,1,0.0,0,0,0,0,0
FABESA,50,34,cold,22.606506,62.651458,99.623624,57.888752,1,0.0,0,0,0,0,0
FABESA,50,35,cold,20.665887,59.416105,97.568449,58.147475,1,0.0,0,0,0,0,0
FABESA,50,36,cold,20.062313,60.198139,98.24209,59.76986,1,0.0,0,0,0,0,0
FABESA,50,37,cold,21.284698,60.307593,98.474574,57.152278,1,0.0,0,0,0,0,0
FABESA,50,38,cold,21.190795,61.002574,97.163113,57.942937,1,0.0,0,0,0,0,0
FABESA,50,39,cold,22.892468,63.723318,98.6279,57.054237,1,0.0,0,0,0,0,0
FABESA,50,40,cold,21.196737,61.908304,96.933665,57.304709,1,0.0,0,0,0,0,0
FABESA,50,41,cold,20.529595,60.443271,100.443903,61.297829,1,0.0,0,0,0,0,0
FABESA,50,42,cold,23.226916,62.478597,99.310549,59.797064,1,0.0,0,0,0,0,0
FABESA,50,43,cold,23.540046,63.942115,98.916213,58.51934,1,0.0,0,0,0,0,0
FABESA,50,44,cold,21.210458,60.720748,97.224035,58.050259,1,0.0,0,0,0,0,0
FABESA,50,45,cold,20.929179,59.512212,100.172486,59.103136,1,0.0,0,0,0,0,0
FABESA,50,46,cold,21.332995,60.965745,97.376864,57.93786,1,0.0,0,0,0,0,0
FABESA,50,47,cold,20.745182,60.146616,101.110676,60.330369,1,0.0,0,0,0,0,0
FABESA,50,48,cold,21.143549,60.183609,97.6664,58.815928,1,0.0,0,0,0,0,0
FABESA,50,49,cold,21.613581,60.99028,102.247234,62.893286,1,0.0,0,0,0,0,0
FABESA,50,50,cold,22.822644,62.414023,98.049199,58.919919,1,0.0,0,0,0,0,0
UAV-FABESA,5,1,cold,40.25374,6.831328,11.203501,58.855312,1,18.430301,10,10,330,0,0
UAV-FABESA,5,2,cold,39.578575,6.244691,12.534267,59.293598,1,18.375115,10,10,330,0,0
UAV-FABESA,5,3,cold,38.89358,6.486574,14.054469,59.058907,1,17.015572,10,10,330,0,0
UAV-FABESA,5,4,cold,39.709199,6.119307,13.195624,60.054006,1,17.037735,10,10,330,0,0
UAV-FABESA,5,5,cold,37.383858,6.577268,14.198103,59.252931,1,15.62597,10,10,330,0,0
UAV-FABESA,5,6,cold,37.808375,6.041471,13.239227,63.581911,1,16.047539,10,10,330,0,0
UAV-FABESA,5,7,cold,41.274097,7.326065,13.512198,63.442467,1,17.690691,10,10,330,0,0
UAV-FABESA,5,8,cold,38.469021,6.675317,11.178825,57.690494,1,16.825101,10,10,330,0,0
UAV-FABESA,5,9,cold,38.190173,6.431383,11.237883,59.264501,1,16.333281,10,10,330,0,0
UAV-FABESA,5,10,cold,38.133416,6.252049,11.053357,58.932356,1,16.594208,10,10,330,0,0
UAV-FABESA,5,11,cold,38.46143,6.163323,20.893889,66.79834,1,16.086941,10,10,330,0,0
UAV-FABESA,5,12,cold,41.918178,6.435488,10.939963,60.651474,1,16.426035,10,10,330,0,0
UAV-FABESA,5,13,cold,38.936253,6.273488,11.012848,57.601672,1,16.576121,10,10,330,0,0
UAV-FABESA,5,14,cold,37.919308,6.379315,10.998938,58.101313,1,15.927499,10,10,330,0,0
UAV-FABESA,5,15,cold,37.590121,7.585114,10.958523,58.294754,1,15.88205,10,10,330,0,0
UAV-FABESA,5,16,cold,38.113823,5.979795,13.290882,73.072655,1,15.597759,10,10,330,0,0
UAV-FABESA,5,17,cold,39.199607,6.556387,12.75367,58.744092,1,17.900565,10,10,330,0,0
UAV-FABESA,5,18,cold,37.248372,6.125332,11.304409,58.732676,1,15.535599,10,10,330,0,0
UAV-FABESA,5,19,cold,39.838984,6.293457,11.880569,59.102112,1,17.950317,10,10,330,0,0
UAV-FABESA,5,20,cold,39.368754,6.185026,12.64165,58.37352,1,17.722164,10,10,330,0,0
UAV-FABESA,5,21,cold,38.7175,6.121055,12.265851,59.360358,1,17.387105,10,10,330,0,0
UAV-FABESA,5,22,cold,40.917061,6.118382,11.37523,59.87773,1,16.998386,10,10,330,0,0
UAV-FABESA,5,23,cold,39.627395,6.0388,11.179138,60.377261,1,16.836222,10,10,330,0,0
UAV-FABESA,5,24,cold,37.95412,6.748954,10.94266,58.986629,1,16.227468,10,10,330,0,0
UAV-FABESA,5,25,cold,37.879219,6.146665,11.739534,66.038458,1,16.161165,10,10,330,0,0
UAV-FABESA,5,26,cold,41.148863,6.295381,10.778099,58.515226,1,16.555764,10,10,330,0,0
UAV-FABESA,5,27,cold,39.899637,6.482014,11.136209,58.74968,1,16.089637,10,10,330,0,0
UAV-FABESA,5,28,cold,37.766417,6.29046,10.708567,60.265334,1,16.65211,10,10,330,0,0
UAV-FABESA,5,29,cold,38.01804,8.32677,12.451938,60.191514,1,16.05063,10,10,330,0,0
UAV-FABESA,5,30,cold,39.370269,6.707432,11.185477,59.059374,1,16.318962,10,10,330,0,0
UAV-FABESA,5,31,cold,38.659771,6.383677,11.045948,58.922898,1,16.175845,10,10,330,0,0
UAV-FABESA,5,32,cold,37.850668,6.429938,11.041602,59.095862,1,15.722414,10,10,330,0,0
UAV-FABESA,5,33,cold,37.750839,6.372019,10.861803,58.199158,1,16.310804,10,10,330,0,0
UAV-FABESA,5,34,cold,38.098901,6.400851,11.011811,58.756506,1,16.327391,10,10,330,0,0
UAV-FABESA,5,35,cold,37.340858,6.241612,11.36249,58.855496,1,16.064512,10,10,330,0,0
UAV-FABESA,5,36,cold,40.852862,7.242414,11.094841,58.635218,1,17.715684,10,10,330,0,0
UAV-FABESA,5,37,cold,37.391083,5.892081,14.737114,59.741632,1,15.644025,10,10,330,0,0
UAV-FABESA,5,38,cold,37.661724,6.506891,12.615499,58.74726,1,15.970444,10,10,330,0,0
UAV-FABESA,5,39,cold,37.048762,6.263035,11.155139,56.115713,1,15.819221,10,10,330,0,0
UAV-FABESA,5,40,cold,37.45398,6.211725,13.131247,58.377786,1,16.261072,10,10,330,0,0
UAV-FABESA,5,41,cold,39.43396,7.051481,13.592642,58.932236,1,17.40477,10,10,330,0,0
UAV-FABESA,5,42,cold,37.783049,6.302452,12.434163,61.49588,1,16.101767,10,10,330,0,0
UAV-FABESA,5,43,cold,41.949179,6.383346,11.752559,59.726711,1,17.594326,10,10,330,0,0
UAV-FABESA,5,44,cold,37.500498,6.942775,10.964833,63.429708,1,15.995379,10,10,330,0,0
UAV-FABESA,5,45,cold,38.013814,6.88941,10.990104,61.795519,1,15.857895,10,10,330,0,0
UAV-FABESA,5,46,cold,38.128511,6.291674,11.866755,58.713892,1,16.221798,10,10,330,0,0
UAV-FABESA,5,47,cold,37.148116,6.521505,11.292901,60.211718,1,15.982918,10,10,330,0,0
UAV-FABESA,5,48,cold,38.498419,6.259008,11.504113,61.550703,1,16.172316,10,10,330,0,0
UAV-FABESA,5,49,cold,37.736449,6.220718,10.624188,58.2405,1,15.917672,10,10,330,0,0
UAV-FABESA,5,50,cold,39.43909,6.391878,11.139991,58.310469,1,17.414784,10,10,330,0,0
UAV-FABESA,20,1,cold,36.619922,24.159714,31.515927,62.492159,1,15.605385,40,40,1320,0,0
UAV-FABESA,20,2,cold,36.61485,23.737589,30.532162,59.755239,1,15.554213,40,40,1320,0,0
UAV-FABESA,20,3,cold,37.727608,23.774403,36.888066,58.385266,1,16.067652,40,40,1320,0,0
UAV-FABESA,20,4,cold,38.096139,24.161202,30.435722,58.365015,1,16.964261,40,40,1320,0,0
UAV-FABESA,20,5,cold,36.818714,23.621849,30.244957,56.194058,1,15.4076,40,40,1320,0,0
UAV-FABESA,20,6,cold,37.126415,23.490277,39.043624,62.669718,1,15.720439,40,40,1320,0,0
UAV-FABESA,20,7,cold,36.91238,24.504623,30.043293,59.12218,1,15.632129,40,40,1320,0,0
UAV-FABESA,20,8,cold,37.783961,25.35508,31.585604,56.999953,1,17.044577,40,40,1320,0,0
UAV-FABESA,20,9,cold,38.610831,23.718882,40.575056,56.707154,1,17.226778,40,40,1320,0,0
UAV-FABESA,20,10,cold,36.817634,23.82527,30.494668,57.014819,1,15.752383,40,40,1320,0,0
UAV-FABESA,20,11,cold,37.032524,24.039347,29.621322,56.749622,1,16.415854,40,40,1320,0,0
UAV-FABESA,20,12,cold,36.228753,23.415805,29.742992,56.249974,1,15.363562,40,40,1320,0,0
UAV-FABESA,20,13,cold,36.125551,23.559265,30.733388,55.865467,1,15.543063,40,40,1320,0,0
UAV-FABESA,20,14,cold,36.087804,24.288693,30.816429,56.087993,1,15.483663,40,40,1320,0,0
UAV-FABESA,20,15,cold,35.471555,24.198678,38.843261,59.091988,1,15.003769,40,40,1320,0,0
UAV-FABESA,20,16,cold,53.773835,32.176473,36.013557,59.429751,1,32.009449,40,40,1320,0,0
UAV-FABESA,20,17,cold,38.474083,24.291218,30.496072,57.349744,1,16.519512,40,40,1320,0,0
UAV-FABESA,20,18,cold,36.985224,23.782951,30.408543,57.138557,1,16.035939,40,40,1320,0,0
UAV-FABESA,20,19,cold,39.612895,26.681383,34.232129,59.263213,1,16.587785,40,40,1320,0,0
UAV-FABESA,20,20,cold,37.465956,25.469842,30.117238,56.940748,1,16.112633,40,40,1320,0,0
UAV-FABESA,20,21,cold,37.153097,24.272257,40.701084,58.004078,1,16.484828,40,40,1320,0,0
UAV-FABESA,20,22,cold,38.149814,22.685439,30.443017,56.718921,1,16.09456,40,40,1320,0,0
UAV-FABESA,20,23,cold,36.33867,23.965335,30.428605,56.234151,1,15.311295,40,40,1320,0,0
UAV-FABESA,20,24,cold,36.133606,24.072909,30.104481,56.165827,1,15.608081,40,40,1320,0,0
UAV-FABESA,20,25,cold,37.380785,24.326625,29.737988,56.815662,1,16.457965,40,40,1320,0,0
UAV-FABESA,20,26,cold,36.416202,23.67841,30.156267,55.571159,1,15.181434,40,40,1320,0,0
UAV-FABESA,20,27,cold,36.469648,22.958794,42.198726,57.571651,1,15.406242,40,40,1320,0,0
UAV-FABESA,20,28,cold,36.391232,23.684124,30.289553,56.683419,1,15.553001,40,40,1320,0,0
UAV-FABESA,20,29,cold,36.274839,23.809895,30.18311,58.108764,1,15.841016,40,40,1320,0,0
UAV-FABESA,20,30,cold,37.111966,25.084955,30.860985,60.041187,1,15.667809,40,40,1320,0,0
UAV-FABESA,20,31,cold,37.580291,23.986878,30.878399,58.350745,1,16.261004,40,40,1320,0,0
UAV-FABESA,20,32,cold,37.413663,23.425768,29.663276,58.762025,1,16.239757,40,40,1320,0,0
UAV-FABESA,20,33,cold,37.611923,24.961362,56.216255,58.91321,1,16.017574,40,40,1320,0,0
UAV-FABESA,20,34,cold,38.925253,24.750177,30.449843,58.509483,1,16.509961,40,40,1320,0,0
UAV-FABESA,20,35,cold,41.579356,25.964041,33.052576,59.949013,1,17.077866,40,40,1320,0,0
UAV-FABESA,20,36,cold,38.001696,24.703352,30.418937,56.188542,1,16.775834,40,40,1320,0,0
UAV-FABESA,20,37,cold,37.596684,23.482877,29.936374,57.815026,1,15.867747,40,40,1320,0,0
UAV-FABESA,20,38,cold,36.645533,23.342667,29.768148,56.745545,1,16.30573,40,40,1320,0,0
UAV-FABESA,20,39,cold,36.737611,24.029309,37.309927,58.661207,1,15.798014,40,40,1320,0,0
UAV-FABESA,20,40,cold,38.357592,23.835025,31.572459,57.044584,1,16.25027,40,40,1320,0,0
UAV-FABESA,20,41,cold,37.995091,24.520618,32.46629,58.874497,1,15.853689,40,40,1320,0,0
UAV-FABESA,20,42,cold,37.266826,23.943946,29.62035,56.276609,1,16.023927,40,40,1320,0,0
UAV-FABESA,20,43,cold,40.73668,24.777665,30.875001,57.140115,1,17.367217,40,40,1320,0,0
UAV-FABESA,20,44,cold,35.915226,24.362796,31.016754,56.815341,1,15.401242,40,40,1320,0,0
UAV-FABESA,20,45,cold,41.029807,24.895777,35.829128,59.087903,1,17.543411,40,40,1320,0,0
UAV-FABESA,20,46,cold,37.318582,24.096143,30.621391,56.211921,1,15.92031,40,40,1320,0,0
UAV-FABESA,20,47,cold,36.688788,23.879327,30.002875,57.500027,1,15.833331,40,40,1320,0,0
UAV-FABESA,20,48,cold,37.035188,24.253889,30.601143,56.849799,1,16.016074,40,40,1320,0,0
UAV-FABESA,20,49,cold,36.344982,23.638088,29.770503,56.624286,1,15.935067,40,40,1320,0,0
UAV-FABESA,20,50,cold,37.149174,23.880228,30.052337,55.802621,1,15.691201,40,40,1320,0,0
UAV-FABESA,50,1,cold,47.392763,72.269258,78.207914,60.857555,1,19.396033,100,100,3300,0,0
UAV-FABESA,50,2,cold,56.547821,65.026906,72.218647,59.784476,1,21.044153,100,100,3300,0,0
UAV-FABESA,50,3,cold,40.671345,63.930441,76.392719,62.146843,1,17.290477,100,100,3300,0,0
UAV-FABESA,50,4,cold,39.773936,68.21502,74.327774,62.28055,1,17.631927,100,100,3300,0,0
UAV-FABESA,50,5,cold,39.074404,63.227238,75.576077,59.577865,1,17.229829,100,100,3300,0,0
UAV-FABESA,50,6,cold,40.129577,65.137916,77.834278,62.188239,1,17.817675,100,100,3300,0,0
UAV-FABESA,50,7,cold,39.759957,64.649116,76.055919,60.681536,1,16.951949,100,100,3300,0,0
UAV-FABESA,50,8,cold,39.370896,63.335795,73.743533,63.288721,1,16.996533,100,100,3300,0,0
UAV-FABESA,50,9,cold,40.446131,63.477978,74.489187,65.568212,1,17.336407,100,100,3300,0,0
UAV-FABESA,50,10,cold,39.379019,63.932229,73.311852,59.994127,1,16.947099,100,100,3300,0,0
UAV-FABESA,50,11,cold,40.464542,63.191405,77.373694,61.292392,1,17.442204,100,100,3300,0,0
UAV-FABESA,50,12,cold,38.261523,64.377427,72.006701,59.931536,1,16.41416,100,100,3300,0,0
UAV-FABESA,50,13,cold,39.317985,65.828229,82.717517,62.368225,1,16.693372,100,100,3300,0,0
UAV-FABESA,50,14,cold,38.588122,62.634731,75.055991,59.438987,1,17.064689,100,100,3300,0,0
UAV-FABESA,50,15,cold,38.848273,67.583144,76.766524,61.391397,1,16.711004,100,100,3300,0,0
UAV-FABESA,50,16,cold,38.99536,64.43881,98.398499,61.431003,1,16.738722,100,100,3300,0,0
UAV-FABESA,50,17,cold,42.232226,66.137592,77.675343,60.313421,1,18.406392,100,100,3300,0,0
UAV-FABESA,50,18,cold,37.886072,64.353532,76.093212,63.022795,1,16.414568,100,100,3300,0,0
UAV-FABESA,50,19,cold,38.571919,63.112141,79.09579,63.479205,1,16.576112,100,100,3300,0,0
UAV-FABESA,50,20,cold,40.106883,65.973849,71.913807,60.266228,1,17.205332,100,100,3300,0,0
UAV-FABESA,50,21,cold,39.44502,64.646619,73.359461,59.302753,1,16.869609,100,100,3300,0,0
UAV-FABESA,50,22,cold,41.392834,65.625872,83.302016,62.187925,1,18.980682,100,100,3300,0,0
UAV-FABESA,50,23,cold,39.713166,62.354196,74.411571,61.207569,1,16.740195,100,100,3300,0,0
UAV-FABESA,50,24,cold,38.018449,63.682584,73.829053,60.371392,1,16.01405,100,100,3300,0,0
UAV-FABESA,50,25,cold,39.670172,66.445474,77.590722,61.705584,1,16.674846,100,100,3300,0,0
UAV-FABESA,50,26,cold,40.485921,63.385329,74.193656,60.494992,1,17.917829,100,100,3300,0,0
UAV-FABESA,50,27,cold,38.592128,62.726464,75.212531,60.988469,1,16.794802,100,100,3300,0,0
UAV-FABESA,50,28,cold,38.305695,66.769908,75.607411,71.466723,1,16.464705,100,100,3300,0,0
UAV-FABESA,50,29,cold,42.156872,63.180633,78.86561,61.362413,1,17.88983,100,100,3300,0,0
UAV-FABESA,50,30,cold,40.650782,62.874267,73.969107,61.322169,1,17.293517,100,100,3300,0,0
UAV-FABESA,50,31,cold,40.491908,62.994293,78.1303,60.596481,1,17.53857,100,100,3300,0,0
UAV-FABESA,50,32,cold,40.225947,63.418238,80.249833,73.827019,1,16.761072,100,100,3300,0,0
UAV-FABESA,50,33,cold,46.058545,62.109162,74.13901,61.156983,1,18.86319,100,100,3300,0,0
UAV-FABESA,50,34,cold,40.644333,61.985178,73.812507,60.958806,1,17.009109,100,100,3300,0,0
UAV-FABESA,50,35,cold,40.140509,63.020103,87.291596,64.068431,1,17.238545,100,100,3300,0,0
UAV-FABESA,50,36,cold,39.575717,63.349033,76.329213,62.206063,1,17.289507,100,100,3300,0,0
UAV-FABESA,50,37,cold,39.041099,64.068059,74.639193,61.753619,1,16.654218,100,100,3300,0,0
UAV-FABESA,50,38,cold,42.862294,63.902542,84.585304,60.576598,1,18.713046,100,100,3300,0,0
UAV-FABESA,50,39,cold,39.429976,69.278372,73.145258,67.255926,1,17.496054,100,100,3300,0,0
UAV-FABESA,50,40,cold,41.538408,71.170742,81.883524,66.695225,1,18.013003,100,100,3300,0,0
UAV-FABESA,50,41,cold,41.193591,65.302983,77.976966,64.150543,1,16.805601,100,100,3300,0,0
UAV-FABESA,50,42,cold,42.115452,66.425851,76.1977,64.006356,1,17.955287,100,100,3300,0,0
UAV-FABESA,50,43,cold,40.934299,65.196982,72.910931,59.820461,1,17.345213,100,100,3300,0,0
UAV-FABESA,50,44,cold,38.099141,61.80409,76.998301,63.435552,1,16.71954,100,100,3300,0,0
UAV-FABESA,50,45,cold,40.253989,62.100305,75.722085,59.108183,1,16.940404,100,100,3300,0,0
UAV-FABESA,50,46,cold,38.784596,63.18808,72.997172,60.085658,1,16.638888,100,100,3300,0,0
UAV-FABESA,50,47,cold,41.063449,64.443301,74.191551,65.525049,1,18.541266,100,100,3300,0,0
UAV-FABESA,50,48,cold,41.4229,62.633434,74.860742,80.148465,1,17.899245,100,100,3300,0,0
UAV-FABESA,50,49,cold,38.368408,65.709448,74.498216,60.850525,1,16.569088,100,100,3300,0,0
UAV-FABESA,50,50,cold,39.043719,61.52642,74.389317,59.799441,1,16.231363,100,100,3300,0,0
